covariance, means, start_prob, link_coef01, link_coef02, link_coef11, link_coef12
1.113754158018321295e-06,0.000000000000000000e+00,9.999999998999999750e-11,5.391249203661467870e-01,7.745638105053531675e-02,2.183597356709591208e-01,4.666004301915209762e-01
6.803396761632653943e+04,2.454239984467246245e+02,9.999999998999999917e-01,6.544033334385335188e-01,1.441152966321647133e-01,9.771311308993868572e-02,8.309368806442651856e-02
