covariance, means, start_prob, link_coef01, link_coef02, link_coef11, link_coef12
6.641176685401750213e+00,6.419471793160734796e-01,1.000000000000000000e+00,8.214838730332485461e-02,3.931246041819269621e-01,5.833660293452106460e-01,7.204379351564671463e-02
5.681255698265950923e+04,2.247910171286985985e+02,1.178486073101001751e-286,8.053499913185256931e-01,6.452053146557906738e-01,9.853477697706878313e-01,7.430607219122264961e-01
