covariance, means, start_prob, link_coef01, link_coef02, link_coef11, link_coef12
2.909525240057731480e+03,3.787807992616679087e+01,1.000000000000000000e+00,4.771453970886442297e-01,9.048920849609110029e-01,6.824267940288665235e-01,9.667633884250448340e-02
1.692853363408106088e+05,5.898465339535498515e+02,1.253446689551865907e-78,9.877855469020702106e-01,7.422299634102307309e-01,9.570720749764998203e-01,6.766614228662153341e-01
