covariance, means, start_prob, link_coef01, link_coef02, link_coef11, link_coef12
9.002837831199050811e+01,4.272915573457834348e+00,1.000000000000000000e+00,7.370478277471245176e-01,8.500952199460335423e-01,4.865721283248890527e-01,8.944496996554507362e-02
5.366835792066696740e+04,2.409685907609137132e+02,5.120653285437934428e-137,1.204675504474967962e-01,6.978177878017439717e-01,2.235658778372406896e-01,1.791456036481986480e-02
