covariance, means, start_prob, link_coef01, link_coef02, link_coef11, link_coef12
2.989021659389369034e+00,3.159053592563603741e-01,1.000000000000000000e+00,1.087468993126231576e-01,8.611897424232950460e-02,2.837879441642855438e-01,4.513431780897226853e-01
4.695112166205067479e+04,2.458224239158195701e+02,2.642416069024454241e-18,3.125743015375984646e-01,6.599001970532464290e-01,8.605074601984367133e-01,6.905482140195791096e-01
