covariance, means, start_prob, link_coef01, link_coef02, link_coef11, link_coef12
1.017708121310808085e-06,0.000000000000000000e+00,9.999999998999999750e-11,5.122959597823411038e-01,3.286065973263225803e-01,8.841825142152031081e-01,2.514541863762520535e-01
7.897762220591001096e+04,2.536483022262199256e+02,9.999999998999999917e-01,9.836088217927628774e-01,6.639748914158127846e-02,1.653222424450877526e-01,9.888861022422811287e-01
