covariance, means, start_prob, link_coef01, link_coef02, link_coef11, link_coef12
4.942939455160625073e+01,2.701243636180415297e+00,1.000000000000000000e+00,2.369783533622126237e-01,9.401580920639063255e-02,1.061492901373811693e-01,1.069751102560567713e-01
2.624602024762120345e+04,1.961985905095448572e+02,2.596655411977456916e-134,1.973918172218422917e-01,6.298584360606318544e-02,4.144706331119385467e-01,5.093586390220627980e-02
