covariance, means, start_prob, link_coef01, link_coef02, link_coef11, link_coef12
1.085069444444444444e-06,0.000000000000000000e+00,9.999999998999999750e-11,1.247489271799639976e-01,5.714241134345228179e-01,6.997559572160130248e-01,4.189933034950179547e-01
6.644874000844940019e+04,3.119823232323232105e+02,9.999999998999999917e-01,9.854106874465240473e-02,9.645023497063179851e-01,3.785737932850017362e-01,7.871727257753486917e-01
