covariance, means, start_prob, link_coef01, link_coef02, link_coef11, link_coef12
1.256387958846749342e+02,5.192228462675728906e+00,1.000000000000000000e+00,6.877001632975937584e-01,3.059659975632966766e-01,1.733098541066113718e-01,6.652204153426999333e-02
1.004270052534785063e+05,3.098926334448227635e+02,7.128103408492254185e-134,9.546857711839233929e-01,9.816643276699746901e-01,3.893291356266870284e-01,7.799572696615963974e-02
