covariance, means, start_prob, link_coef01, link_coef02, link_coef11, link_coef12
1.006662309979401328e-06,0.000000000000000000e+00,9.999999999999997780e-01,9.151617946326824349e-01,1.864548901241928069e-01,1.662894792146164535e-01,7.688073213067735390e-01
3.966773410197962949e+04,1.807672511919185752e+02,1.668657555017558543e-16,1.498691233887233798e-01,9.116595185962611536e-01,5.767506165837252841e-01,1.218581798368507663e-01
