covariance, means, start_prob, link_coef01, link_coef02, link_coef11, link_coef12
1.070893124866138443e-06,0.000000000000000000e+00,1.000000000000000000e+00,2.777679392552430127e-01,3.894019749580175382e-01,9.469579320369785336e-01,5.815967193579507644e-01
5.747052949975077354e+04,2.606605201449584115e+02,1.854451952568941624e-97,4.221932180205505425e-01,3.603319982978776537e-01,6.000429360273882295e-01,3.250495607602167381e-01
