covariance, means, start_prob, link_coef01, link_coef02, link_coef11, link_coef12
1.310615989515072134e-06,0.000000000000000000e+00,9.999999998999999750e-11,6.839466683360247989e-01,7.700135249894186629e-01,4.283480413770307527e-01,5.780874815583332271e-01
1.723697442102768109e+05,4.774492227979274617e+02,9.999999998999999917e-01,1.994528113606452990e-03,3.708170155481123054e-01,2.646657275002026743e-01,7.696255369073303765e-01
