covariance, means, start_prob, link_coef01, link_coef02, link_coef11, link_coef12
1.007049345417925435e-06,0.000000000000000000e+00,9.999999998999999750e-11,7.000054574805987251e-01,6.489771240082583548e-01,2.111265113122413606e-01,5.889137595509281731e-01
1.322956527053042373e+05,3.875051194539249195e+02,9.999999998999999917e-01,9.748705818617331431e-02,3.483999461152962329e-01,2.538229559101590205e-01,4.881283821900667119e-01
