covariance, means, start_prob, link_coef01, link_coef02, link_coef11, link_coef12
1.129050468555944376e-06,0.000000000000000000e+00,1.000000000000000000e+00,2.066931582645603616e-01,9.992561237060223478e-01,8.774790096836366793e-01,6.887188931875699582e-01
1.292719835552671575e+05,3.916635911994322328e+02,6.104707996858600859e-100,6.920855239938623615e-01,1.965869787636816968e-01,5.340164232747915962e-01,4.123200743481422181e-01
