covariance, means, start_prob, link_coef01, link_coef02, link_coef11, link_coef12
3.826412745401124198e+02,1.315022588054590713e+01,9.999999998999999750e-11,7.557913372668141339e-01,7.030944203181865859e-02,1.741721423538467040e-02,8.111409225875245710e-01
3.680439821676693828e+04,2.136386950871007571e+02,9.999999998999999917e-01,6.646799974664017174e-01,5.128526190557828324e-01,8.546845010374597429e-01,3.564597255823842570e-02
