covariance, means, start_prob, link_coef01, link_coef02, link_coef11, link_coef12
1.122460430676664636e-06,0.000000000000000000e+00,1.000000000000000000e+00,8.623239164646374633e-01,1.967105883118346332e-01,3.487532826712016476e-01,2.793439621479388846e-01
8.336834311128030822e+04,2.622194487393135205e+02,3.121116688205601472e-51,5.819760646055969211e-01,4.410303624241704856e-01,1.902290987681863887e-01,4.714919357185120008e-01
