covariance, means, start_prob, link_coef01, link_coef02, link_coef11, link_coef12
9.905894006934126950e-07,0.000000000000000000e+00,1.000000000000000000e+00,5.683779473617610600e-01,8.224765791550354699e-01,1.288350875278415630e-01,1.565998301439349705e-01
1.030746776692123385e+05,2.735756521739130562e+02,5.012607110340297009e-28,4.357460579682690405e-01,7.308640281223406365e-01,9.509496732381085282e-01,3.689233649053860198e-01
