covariance, means, start_prob, link_coef01, link_coef02, link_coef11, link_coef12
3.080105171914702851e+02,8.570662964892539648e+00,9.999999999999495959e-01,2.136574454269126733e-01,4.972077994115065014e-02,4.245088100796451380e-01,3.959249712200033633e-01
7.318444745960072032e+04,3.379500140120908895e+02,5.050483347169546568e-14,2.190330378051423832e-01,4.720077852007097396e-01,3.319042000698460004e-01,3.820395518976154037e-01
