covariance, means, start_prob, link_coef01, link_coef02, link_coef11, link_coef12
3.438773283995361396e+01,2.441015593136230954e+00,1.000000000000000000e+00,9.095902078328793605e-01,5.788022109950560212e-01,1.360377525140898936e-02,4.882184536898896976e-01
1.966492984199663624e+04,1.432951874663071123e+02,3.949461037383999702e-43,7.121009631630186298e-01,2.063210761378713176e-01,3.370834831371273266e-01,3.427865158791396638e-01
