covariance, means, start_prob, link_coef01, link_coef02, link_coef11, link_coef12
1.110001110001110000e-06,0.000000000000000000e+00,9.999999998999999750e-11,1.863420209622752566e-01,1.654261122908015080e-01,6.309423649307026594e-01,3.649452030079824993e-03
6.264518609345573350e+04,3.206164143754505176e+02,9.999999998999999917e-01,7.346329891918995658e-01,4.725795630850824214e-01,6.511722664059577115e-01,2.361643639428351316e-01
