covariance, means, start_prob, link_coef01, link_coef02, link_coef11, link_coef12
3.920263286404143628e+02,1.002678674108950574e+01,6.081012347976385100e-313,9.486675803953358299e-01,2.923538858896823633e-01,9.980740144628786892e-01,6.740156471851176390e-01
7.418144943348215020e+04,3.749083216466133308e+02,1.000000000000000000e+00,5.870950364217102369e-01,4.517567027351293563e-01,9.761645140359692663e-01,8.271869269859465357e-01
