covariance, means, start_prob, link_coef01, link_coef02, link_coef11, link_coef12
4.217081306642976983e+02,8.534572742094990616e+00,1.000000000000000000e+00,6.038969957999379412e-01,9.194400067670970289e-01,1.627045495537573494e-01,4.778380026018274052e-01
9.594107758826945792e+04,4.131505695231476238e+02,6.971202523457804654e-117,5.208532052531064105e-01,8.911771457106751892e-01,6.703569696850215642e-01,3.171747747268846007e-01
