covariance, means, start_prob, link_coef01, link_coef02, link_coef11, link_coef12
2.168697428650680065e+09,3.419721106095821597e+02,9.999971448044249200e-01,4.579022029195581878e-01,9.281800174523008318e-01,3.341442636334109872e-01,7.443524368515568312e-01
3.418747255314097404e+09,4.440329450357094174e+03,2.855195575077294231e-06,8.621410563978399999e-01,3.838241964683269947e-01,1.705882889788883361e-01,6.201505369397145584e-01
