covariance, means, start_prob, link_coef01, link_coef02, link_coef11, link_coef12
2.479505993298465729e+09,3.663881456166325847e+02,9.996548695048551592e-01,6.658155337868632007e-02,8.254591310458514464e-02,2.313443061542437285e-01,8.701439602189730005e-01
2.748457202135610580e+09,3.333453136049486147e+03,3.451304951446963190e-04,5.863305574051701496e-01,1.438363476055046775e-01,2.778576024761921781e-01,3.426306220750180431e-01
