covariance, means, start_prob, link_coef01, link_coef02, link_coef11, link_coef12
1.402386204575725555e+09,2.783679051738940302e+02,9.971387647147399447e-01,2.224696579134920471e-01,4.438725211624258149e-01,1.283664643619008006e-01,9.194033737864174549e-01
1.428753033486496449e+09,1.517973269450539647e+03,2.861235285260013694e-03,4.432364556417145440e-01,9.529250102125922384e-01,5.478661438911068826e-01,8.376871946030632898e-01
