covariance, means, start_prob, link_coef01, link_coef02, link_coef11, link_coef12
5.566399812214229107e+08,1.742586739844028045e+02,9.998814860545990335e-01,5.812699723407878105e-01,1.840092451194164092e-01,5.899134829587217022e-01,5.160983456334751196e-01
5.856847070622620583e+08,1.230163810442757949e+03,1.185139454010134241e-04,1.976110337943093320e-01,1.507183423290638924e-01,9.737794395994139318e-01,7.290458469211646975e-02
