covariance, means, start_prob, link_coef01, link_coef02, link_coef11, link_coef12
6.096529867135690451e+08,2.332170079376477929e+02,9.996575871432773486e-01,8.363945601119873174e-01,3.743339598210715380e-03,6.813196209393015401e-01,1.024149591926593050e-02
6.313651541212153435e+08,1.429149342234765527e+03,3.424128567225956984e-04,3.787290640096437899e-01,6.917259267894689811e-01,9.366631688884194951e-01,3.168414824744290037e-01
