covariance, means, start_prob, link_coef01, link_coef02, link_coef11, link_coef12
9.701238145381438732e+08,2.297182070330887598e+02,9.999392861094650309e-01,9.541033614556149178e-02,2.781365706437313179e-01,1.495626636257584297e-01,1.194855498735203359e-01
1.039691718149655104e+09,1.763915457945665594e+03,6.071389053500357444e-05,4.625303852581473807e-01,9.547234467602493391e-01,2.936350138918489838e-01,2.224543509256168283e-01
