covariance, means, start_prob, link_coef01, link_coef02, link_coef11, link_coef12
1.841621357236119270e+09,3.179679429437117619e+02,9.996113706135586474e-01,3.442148197167936852e-01,2.950471606345860254e-01,8.124973904410237591e-02,1.017250361756307786e-01
1.854594948972402334e+09,1.920533584298598498e+03,3.886293864412871009e-04,9.417109484230424821e-01,8.471320991713494619e-01,7.236174643018162822e-01,7.338235493123980158e-01
