covariance, means, start_prob, link_coef01, link_coef02, link_coef11, link_coef12
2.958818334750713706e+08,1.074913382636056269e+02,5.000000000000000000e-01,8.380107198058834861e-01,2.835729759195315669e-02,6.083698564339148351e-01,4.024366300776245353e-01
2.961695635764634609e+08,9.404335961188709234e+02,5.000000000000000000e-01,7.888869051364695295e-01,1.194568252712981948e-01,6.364348450665224810e-01,7.800201534244566304e-02
