covariance, means, start_prob
2.164729192528465688e+08,8.179779116465854258e+02,5.960600353218680203e-01
2.598173191204423830e+07,1.038274559193946942e+02,4.039399646781320352e-01
