covariance, means, start_prob, link_coef01, link_coef02, link_coef11, link_coef12
6.257105082600728273e+08,1.851163883091353455e+02,9.997512973709482553e-01,4.728625282037807187e-01,3.442406857675860410e-01,3.112208747974141154e-01,5.731115810091462759e-01
6.493825351750358343e+08,1.189810300913694618e+03,2.487026290516262776e-04,9.519514562240938282e-02,6.297414778800679569e-01,2.255682130997562762e-01,4.440019875342857691e-01
