covariance, means, start_prob, link_coef01, link_coef02, link_coef11, link_coef12
2.278645393864876628e+08,1.107506816015767015e+02,9.999918891538261967e-01,8.178105359290637200e-01,9.013109061208669504e-01,8.272650139673966008e-01,8.914511240573208539e-02
2.758887542008492351e+08,1.400580584514099428e+03,8.110846173737261725e-06,1.422839583988310119e-01,7.009047029422107444e-01,5.798658698349612450e-02,2.310096380246987602e-01
