covariance, means, start_prob, link_coef01, link_coef02, link_coef11, link_coef12
2.652708026084453166e+08,1.201389174262581889e+02,9.998254433476723158e-01,5.198808629379727542e-01,6.132631580901215518e-01,7.637357968160352062e-01,6.894852633242120055e-01
2.912215884663754702e+08,9.268636952504472220e+02,1.745566523276645963e-04,9.774268515057282780e-02,4.349899411476134681e-01,6.542930694195561170e-01,8.000900715781510408e-01
