covariance, means, start_prob, link_coef01, link_coef02, link_coef11, link_coef12
2.316859745534812808e+08,1.162718799000100489e+02,9.999986667569469301e-01,4.116690133913705196e-01,6.026491011665553454e-01,4.367569334655946323e-01,2.049454148868611325e-01
2.874108642231058478e+08,1.430835180080921873e+03,1.333243053066603686e-06,5.502693660870049408e-01,9.274323907004308198e-01,7.923063005533874659e-01,1.201136388652654929e-01
