covariance, means, start_prob, link_coef01, link_coef02, link_coef11, link_coef12
3.587106158055747151e+08,1.400992600200011111e+02,9.246175669824312493e-01,5.940460902326074599e-01,1.374448662428151557e-02,4.021296573451905720e-01,4.034923906439552566e-01
3.682785118344696164e+08,9.124294105609862982e+02,7.538243301756865355e-02,8.410379410000174971e-01,7.256621121263493457e-01,4.579300516902652385e-01,6.959849212884230418e-01
