covariance, means, start_prob, link_coef01, link_coef02, link_coef11, link_coef12
1.059809755447373092e+08,7.556340176564664546e+01,9.390577868620593183e-01,6.419712694909565087e-01,1.047075644815486095e-01,6.297240353422315362e-01,3.455536512648046399e-01
1.700819732297310829e+08,1.041330698312201093e+03,6.094221313794068173e-02,8.789256144252902692e-01,1.786736973436664488e-01,4.554092979756451109e-01,1.711806145098164755e-01
