covariance, means, start_prob, link_coef01, link_coef02, link_coef11, link_coef12
5.441811955837124586e+08,1.731347701111270112e+02,9.906098901983630967e-01,3.712078223978376723e-02,3.023558437258959675e-01,3.408584753550070179e-02,8.310052098213589478e-01
5.679519195490081310e+08,1.003594436239052015e+03,9.390109801636899872e-03,3.165796396221232101e-01,9.400865299652677587e-01,4.043987807828385295e-01,8.293798616330746443e-01
