covariance, means, start_prob, link_coef01, link_coef02, link_coef11, link_coef12
1.529110505291449726e+08,9.074453134811047050e+01,9.999976358382416386e-01,4.817278941368352552e-01,8.872827781612011577e-01,3.993860714900250297e-01,6.265231083793874056e-01
2.007458727817204595e+08,1.162301204777018029e+03,2.364161758375542367e-06,8.284918673405076150e-01,6.838977347763741665e-02,6.522684138782263163e-01,8.802783684569142064e-01
