covariance, means, start_prob, link_coef01, link_coef02, link_coef11, link_coef12
2.496474002885640264e+08,1.160997326249995893e+02,9.999641393677597412e-01,8.695335517029467720e-02,6.983181471245324401e-01,6.017651327651988291e-01,9.741115187214465232e-01
2.903267831209086776e+08,1.214000200461645591e+03,3.586063224032979082e-05,2.439795194193831174e-01,1.290227096815115271e-01,7.463839288943221462e-01,5.177150787756956696e-02
