covariance, means, start_prob, link_coef01, link_coef02, link_coef11, link_coef12
4.929972956472971439e+08,1.636241470559525624e+02,9.891647149331492805e-01,3.149899546670392736e-01,6.696869978327453232e-01,2.463754802934603472e-01,7.833083431155298815e-01
5.048941235838823915e+08,1.288878667701517998e+03,1.083528506685075762e-02,2.783726308877187972e-01,5.385883935561062152e-01,2.763506957713470769e-01,1.116582533838283986e-01
