covariance, means, start_prob, link_coef01, link_coef02, link_coef11, link_coef12
6.282817258988360167e+08,1.847876045000342913e+02,9.998219660102433126e-01,9.716092372033880986e-01,5.337482565863116424e-02,1.060466826768131643e-01,6.113243159525941772e-01
6.684353938666646481e+08,1.448952119880465034e+03,1.780339897566653737e-04,3.783883600700072014e-01,7.079596216116674778e-01,3.860923341392451524e-01,6.853659896296350196e-01
