covariance, means, start_prob, link_coef01, link_coef02, link_coef11, link_coef12
1.374634073743456304e+08,8.646045284278842757e+01,9.998172635309808820e-01,9.941997011475877111e-01,3.655314088920164073e-01,8.191414781982486737e-01,7.001877078418355937e-01
1.498771670541187525e+08,6.746858828546214681e+02,1.827364690191903950e-04,7.287993711950152553e-01,6.555494350837764994e-01,3.554024169983931447e-01,6.787084606419775401e-01
