covariance, means, start_prob, link_coef01, link_coef02, link_coef11, link_coef12
4.941736823041682690e+07,5.157350145451454182e+01,9.999993175021326675e-01,7.731399962578295870e-01,6.431636503902906643e-01,6.724060775737862317e-01,8.068680761440392146e-01
6.333776359542036057e+07,6.754517132958130787e+02,6.824978673947842908e-07,4.688128508496312019e-01,5.057454077305766349e-01,3.819838951605607491e-01,9.275855405374311413e-02
