covariance, means, start_prob, link_coef01, link_coef02, link_coef11, link_coef12
2.508477301310837269e+08,1.161558059081809375e+02,9.999993454651950886e-01,1.472092143938154019e-01,6.765366177855902663e-01,9.225467141535290683e-01,3.893647456474988999e-01
3.123815933365776539e+08,1.575147766395329199e+03,6.545348048756487722e-07,6.796311076313830135e-01,1.356339568456654820e-01,6.372902108335030125e-01,1.896883297429313719e-01
