covariance, means, start_prob, link_coef01, link_coef02, link_coef11, link_coef12
1.237173214276080370e+09,2.650916186148321572e+02,9.936588138082309563e-01,5.443392939124434005e-01,8.356656130782738057e-01,7.226475126619279488e-01,2.345264532559916404e-01
1.247232038593241930e+09,1.058633675447766564e+03,6.341186191768950937e-03,4.048176777119305569e-02,7.026776465731323640e-01,2.867780507802283330e-01,5.932946694838341362e-01
