covariance, means, start_prob, link_coef01, link_coef02, link_coef11, link_coef12
2.960326003375006318e+08,1.261930741330474177e+02,9.999962538826887570e-01,7.032462423185952272e-01,7.571684485024292588e-01,5.948198963457218547e-02,7.469689050713077538e-01
4.746046066712251902e+08,1.922080762831289576e+03,3.746117311222236693e-06,6.947832857366713633e-01,6.701153913696364928e-01,2.313921415308728413e-01,3.320521829124323254e-02
