covariance, means, start_prob, link_coef01, link_coef02, link_coef11, link_coef12
3.511198441127014160e+08,1.381174081155458850e+02,9.999202596626594053e-01,2.822732031758158344e-01,1.919629671438303209e-01,1.230319752810961065e-01,8.973680224899149849e-02
3.709365141965053678e+08,1.090301148988937484e+03,7.974033734064361108e-05,2.051093438183864137e-01,5.683894667594566741e-01,8.209713844522855686e-01,6.374595668990891140e-01
