covariance, means, start_prob, link_coef01, link_coef02, link_coef11, link_coef12
2.532485935956351757e+08,1.172650824680215749e+02,9.998647797308063412e-01,4.650217477510613096e-01,4.106893641933561101e-01,7.921920377667135416e-02,6.338131141953640135e-02
2.691766057261143923e+08,9.450437663404960631e+02,1.352202691936620408e-04,9.245866780761217152e-01,6.169082096653054625e-01,2.613501032618942288e-01,1.463683252338777718e-01
