covariance, means, start_prob, link_coef01, link_coef02, link_coef11, link_coef12
3.755066840434290767e+08,1.443303826518549897e+02,9.659476128872465095e-01,6.701900332513951453e-01,5.960364981746839597e-01,4.173885156426708765e-01,3.961857813535081263e-01
3.772682056233278513e+08,7.384281689415372512e+02,3.405238711275351132e-02,7.698109662658155772e-01,8.093955118176598962e-01,2.200426820550304141e-01,9.239629395789346056e-01
