covariance, means, start_prob, link_coef01, link_coef02, link_coef11, link_coef12
1.123366285586400032e+08,7.778872689888721936e+01,9.999980693719002778e-01,9.414442057329036606e-01,5.726971903229430838e-01,9.462273719923628423e-01,5.619357645908557020e-01
1.336164929769402891e+08,9.336118928323136288e+02,1.930628099705551085e-06,1.672024780237924002e-01,2.928320876687250385e-01,2.148177821037128288e-01,8.603071967061911574e-01
