covariance, means, start_prob, link_coef01, link_coef02, link_coef11, link_coef12
9.287868501429876089e+08,2.349138599544742476e+02,9.995304022494819751e-01,8.458917422788423401e-01,5.301093598680188812e-01,1.512724416191646437e-02,5.594840880794523796e-01
9.499789463800295591e+08,1.457113995829115765e+03,4.695977505179469813e-04,9.232623687460566053e-01,9.061480536156034660e-01,4.322811460661507565e-01,8.493558132396172855e-01
