covariance, means, start_prob, link_coef01, link_coef02, link_coef11, link_coef12
1.822562377080202103e+08,9.545469139333071951e+01,9.999978138215215306e-01,2.893258322941265615e-01,8.958601326801152176e-02,2.127587910482253708e-02,8.793645849090065969e-01
2.601587614171577096e+08,1.294146706799182084e+03,2.186178478485228743e-06,1.430426147523555791e-02,4.165907409173513765e-01,6.958820822990433586e-01,6.629275042053718314e-01
