covariance, means, start_prob, link_coef01, link_coef02, link_coef11, link_coef12
1.122027435121500957e+03,1.772461904620534767e+01,1.925325849211877240e-34,6.641043604597285377e-01,9.245609894174975363e-01,8.249127805313702932e-01,7.262997154923426235e-01
1.887133638451961451e+05,6.245594466670842166e+02,1.000000000000000000e+00,6.665182677445191661e-02,3.206822817386891789e-01,4.490728002428230337e-01,7.320811326701643917e-01
