covariance, means, start_prob, link_coef01, link_coef02, link_coef11, link_coef12
1.577162139456141858e+03,2.353514057702504658e+01,1.000000000000000000e+00,9.639807602751314652e-01,8.814491763153315951e-01,2.971911753474036910e-01,4.754390866316259290e-01
1.454611790636286023e+05,5.499048942584854558e+02,1.573989257387099414e-102,9.623458399045388134e-01,5.745279916631399475e-01,7.524238657514855655e-01,8.459475403987696263e-01
