covariance, means, start_prob, link_coef01, link_coef02, link_coef11, link_coef12
2.364874828625529972e+03,3.507610330837398749e+01,1.000000000000000000e+00,2.213701810537178627e-01,6.347930340427528906e-01,6.444309609776260883e-01,3.997096663188315357e-01
1.895760978954592429e+05,5.914210704234767491e+02,4.977675531810173385e-88,8.311468145699819621e-01,4.498817429260313361e-01,1.407852933285436148e-01,6.463503595390627243e-01
