covariance, means, start_prob, link_coef01, link_coef02, link_coef11, link_coef12
1.098402557718580056e+03,1.901593979319538974e+01,9.999999998999999750e-11,3.386714077566650438e-01,3.926551579377076662e-01,8.028225029063464913e-01,6.793991524081262057e-01
1.527165976670045929e+05,5.014323896700250316e+02,9.999999998999999917e-01,9.211715417046063559e-01,7.947875316937037526e-01,2.082971339225796470e-01,6.641273153995430611e-01
