covariance, means, start_prob, link_coef01, link_coef02, link_coef11, link_coef12
3.236946806373694017e+02,8.826633678114458093e+00,1.000000000000000000e+00,4.905063398950726405e-02,9.440882607654536018e-01,2.333503227190270035e-02,3.027549610599787888e-01
1.597825366979912214e+05,4.489403937654413994e+02,6.124760025845729652e-140,5.102281892393245588e-01,9.094333582775974145e-01,5.044617593810802880e-01,9.188543428326430007e-01
