covariance, means, start_prob, link_coef01, link_coef02, link_coef11, link_coef12
1.194798245960187842e+03,1.675333102288428933e+01,3.962854524359377306e-97,1.427363141750016551e-01,6.216284152069924129e-01,5.255665032136972448e-01,7.670794489918502101e-01
2.124352917977754842e+05,6.667221815169009460e+02,1.000000000000000000e+00,2.075036989395604436e-01,4.857052346985208935e-01,4.815065368033746296e-01,3.624567260526013746e-01
