covariance, means, start_prob, link_coef01, link_coef02, link_coef11, link_coef12
1.076896099007020702e+01,1.074880641300639983e+00,1.000000000000000000e+00,5.526081218296703401e-01,7.982925073488704726e-01,8.016828102225064256e-01,2.634055054343820146e-01
6.680215415504876000e+04,2.991990725607675472e+02,2.885455631234269272e-218,9.189739063265045527e-02,5.423229868178421897e-01,4.833188269634512979e-01,9.940061651703717693e-01
