covariance, means, start_prob, link_coef01, link_coef02, link_coef11, link_coef12
5.983439194202209364e+03,5.622569980038075244e+01,9.999999999998461231e-01,9.847645358459722331e-01,6.720116543071085191e-01,9.275477105402896161e-01,7.161998585587439070e-01
2.803198680402932805e+05,8.348885329573110994e+02,1.539120993991498144e-13,5.317301791899241570e-01,1.295744842289128229e-01,5.027167062464018565e-01,7.732275907248853386e-01
