covariance, means, start_prob, link_coef01, link_coef02, link_coef11, link_coef12
5.402264670229332921e+01,3.381370520816257663e+00,9.996737028421667226e-01,3.085969674156151532e-01,2.265784764768005166e-01,4.928161125648395924e-01,6.619193196531624190e-01
2.353953025498354982e+05,5.474619810389058330e+02,3.262971578332601028e-04,3.879803361051897825e-01,9.541768107805209675e-01,5.053457632891236173e-01,3.600701230458657198e-01
