covariance, means, start_prob, link_coef01, link_coef02, link_coef11, link_coef12
3.259810615163356033e+03,4.047487397615685722e+01,1.000000000000000000e+00,2.635305246638733889e-01,2.527271631920828820e-01,5.664663992510143853e-02,7.594579772399314699e-01
1.947924502084077685e+05,6.767517732727471866e+02,6.398457906779614809e-188,8.629947382664434619e-01,6.776743605313376717e-01,5.365524979693859775e-01,1.591447658896233408e-01
