covariance, means, start_prob, link_coef01, link_coef02, link_coef11, link_coef12
3.691821845316511371e+03,4.862407604343117384e+01,9.999999998999999750e-11,6.925136832400506925e-01,2.403101531934414004e-01,9.495432379031731873e-02,2.591846572302336504e-01
1.897127525143240928e+05,6.406935926452747481e+02,9.999999998999999917e-01,2.101799534013704118e-02,8.173344958547811290e-01,9.345337162240433537e-01,2.938188881401234687e-01
