covariance, means, start_prob, link_coef01, link_coef02, link_coef11, link_coef12
4.876307382263111322e+03,4.599362244192342786e+01,1.000000000000000000e+00,7.210053821782537176e-01,9.416835097667181076e-01,7.838623190434680366e-01,1.702185162551731468e-01
2.423242907884095621e+05,7.680387784357823193e+02,3.581481150406051923e-296,3.612892400356443323e-01,6.925851266783213944e-01,8.000982926628882330e-01,7.713042649113981408e-01
