covariance, means, start_prob, link_coef01, link_coef02, link_coef11, link_coef12
9.093763354800727257e+02,2.077676099034563961e+01,8.640661113518336740e-116,5.361163449107645418e-01,2.177587683376648320e-01,3.528516466073075009e-01,1.209712299050272888e-01
1.463919005831927352e+05,4.823444824045589030e+02,1.000000000000000000e+00,9.914812921237572407e-01,2.583204520176463070e-03,9.121673700190335854e-02,5.566098072652020390e-01
