covariance, means, start_prob, link_coef01, link_coef02, link_coef11, link_coef12
4.122466064447575036e+02,1.098951618576593248e+01,1.000000000000000000e+00,7.986227789453624881e-01,3.207480672317267745e-01,2.200872786948774307e-01,3.062965787146993968e-01
1.128751143466005451e+05,4.081439692176241465e+02,2.811038271594697053e-123,5.360171993319624573e-01,5.034737652417631271e-01,9.963976866871565585e-01,1.886471595090836173e-01
