covariance, means, start_prob, link_coef01, link_coef02, link_coef11, link_coef12
3.254923478814226883e+02,9.791763305183014410e+00,1.000000000000000000e+00,3.482696093415005301e-01,1.625819671585754245e-01,1.959517063959301808e-01,3.875932524646817923e-01
1.308044270890916669e+05,4.122739131624639413e+02,3.049313391517203706e-101,2.652253246344121740e-01,9.646862001356697469e-01,3.832434428277757821e-01,9.290370707533330830e-01
