covariance, means, start_prob, link_coef01, link_coef02, link_coef11, link_coef12
9.809203808419033521e+02,1.759313733493296539e+01,1.000000000000000000e+00,6.849507108124215371e-01,3.009040357055534631e-01,9.495370541009149346e-01,1.912180844637512145e-01
2.314419649537964433e+05,5.355847430442065615e+02,1.705974653282965551e-108,2.889830045178711782e-01,9.531046021644178357e-01,1.501692805931226227e-01,8.609081690620783434e-01
