covariance, means, start_prob, link_coef01, link_coef02, link_coef11, link_coef12
2.095365664096603268e+03,3.131226516596813170e+01,1.000000000000000000e+00,8.873305889910219069e-01,4.088963573755253211e-01,1.064135875026086531e-01,1.014161796802476312e-01
1.312940060245275381e+05,5.241978580719976435e+02,8.305551676286593082e-88,7.456350722471672965e-01,2.094996127363532024e-01,7.860789286083188498e-01,2.794556293228167565e-01
