covariance, means, start_prob, link_coef01, link_coef02, link_coef11, link_coef12
3.632935707808526786e+03,4.292709091243959563e+01,1.000000000000000000e+00,4.675964182964399418e-01,5.508392371838553014e-01,8.978799117588200929e-01,4.548703286219798470e-01
1.685748852363488695e+05,6.297501792586364218e+02,4.120031004971756031e-62,8.604656065916391761e-01,4.372479720566413430e-01,4.236773070211915515e-01,7.704123074439933605e-01
