covariance, means, start_prob, link_coef01, link_coef02, link_coef11, link_coef12
2.442425906603645217e+03,2.855836852859668085e+01,1.000000000000000000e+00,8.922822813899499161e-01,2.552302323182893407e-01,8.117575914579719942e-01,9.362528376299917854e-01
3.345688939594371477e+05,7.820245907658481883e+02,9.539848132189622028e-38,3.495851102684431888e-01,4.975737500611668862e-01,1.214816108545520024e-01,3.376754454625751078e-01
