covariance, means, start_prob, link_coef01, link_coef02, link_coef11, link_coef12
1.928179201425047722e+03,2.441220326221965919e+01,8.774386165004852172e-302,1.560135381947274080e-01,3.179555898015284932e-02,2.946741573642411849e-01,3.318105237389632478e-01
1.500910475978973263e+05,6.086495993532385000e+02,1.000000000000000000e+00,3.053193761041987919e-01,1.312230283398161390e-01,2.149363245429544156e-01,6.375427910477079463e-01
