covariance, means, start_prob, link_coef01, link_coef02, link_coef11, link_coef12
1.317349155067313632e+03,2.237162591431577141e+01,1.000000000000000000e+00,8.809151736231122243e-01,2.041507332406873321e-01,6.106179210385450640e-01,5.553736919573263320e-01
9.736351096102892188e+04,4.378279332821688854e+02,5.283718170873329114e-91,4.489405838995235154e-01,1.547885334437779647e-01,4.281928500709372143e-01,3.103599464515760520e-02
