covariance, means, start_prob, link_coef01, link_coef02, link_coef11, link_coef12
9.390461224150465569e+03,6.889738558523043821e+01,1.000000000000000000e+00,6.074065457327114670e-01,1.780426803761263610e-01,7.662042868125281680e-01,1.281778428389291902e-01
6.802626442923462018e+05,9.644817443345402808e+02,1.739403742246842558e-45,6.259891937397229489e-01,7.356076863837750501e-01,2.926850822615356673e-02,9.339522999997222907e-01
