covariance, means, start_prob, link_coef01, link_coef02, link_coef11, link_coef12
4.655277955209601828e+02,1.059999647266411671e+01,1.000000000000000000e+00,8.491782961415907938e-01,5.004104436264138478e-01,5.699124309002088218e-01,4.284626375977003132e-01
1.352574602363724553e+05,4.666561515154482436e+02,2.236829097689068080e-126,5.800260047681867759e-01,6.255182504893285200e-01,4.836281502367740792e-01,3.755767307311544956e-01
