covariance, means, start_prob, link_coef01, link_coef02, link_coef11, link_coef12
8.210105193235951901e+02,1.398618848286922223e+01,1.000000000000000000e+00,4.843063665280752383e-01,7.386613651931469571e-01,7.279675568371021255e-01,9.445734683323032677e-01
1.835147681832257658e+05,5.801171941708519171e+02,4.801849999906196501e-124,7.394879789937371939e-01,2.057236441351417700e-02,2.549481593407643132e-01,3.102870524351704073e-01
