covariance, means, start_prob, link_coef01, link_coef02, link_coef11, link_coef12
3.107199152700233299e+03,3.713964209215612300e+01,1.000000000000000000e+00,8.542794050562827479e-01,2.274899133718174538e-01,2.017886906216579401e-01,2.887582055868125330e-01
1.864479581760741421e+05,6.189311164446028215e+02,2.841692072101164753e-81,3.612735255589245575e-01,8.061328825083762251e-01,2.251652753187807221e-01,2.182579862417888261e-01
