covariance, means, start_prob, link_coef01, link_coef02, link_coef11, link_coef12
1.869283826898370080e+03,2.636992940596329404e+01,1.000000000000000000e+00,4.945070279686850645e-01,1.085735265066792854e-01,6.903153621342283941e-01,6.726289622782786193e-01
3.694248511743210256e+05,8.044138401614919758e+02,3.804510887604069801e-125,1.961958281438611618e-01,7.486319517106987398e-03,9.697196364879704378e-01,1.501807470760526675e-01
