covariance, means, start_prob, link_coef01, link_coef02, link_coef11, link_coef12
1.715366763780509018e+03,2.302309063992952787e+01,1.000000000000000000e+00,4.032651998153067296e-01,6.193736713885510392e-01,7.955727647138516323e-01,2.842029364461891028e-01
1.347925185311570531e+05,5.244964036694069591e+02,9.768308148497406614e-65,1.116325648372931134e-01,7.544777106867759375e-01,6.588211120429627865e-01,4.646243015125338660e-01
