covariance, means, start_prob, link_coef01, link_coef02, link_coef11, link_coef12
5.818260181973703766e+03,5.518978109452501002e+01,1.000000000000000000e+00,5.378982690028062397e-01,8.622989595030128296e-02,9.864285155685784678e-01,7.357790933365329078e-01
5.601289200288179563e+05,9.316752712782608796e+02,2.465215825475999019e-66,6.828268940004565968e-01,9.129180794089719608e-02,2.355723959116812205e-01,6.267582002022991094e-01
