covariance, means, start_prob, link_coef01, link_coef02, link_coef11, link_coef12
2.494122759542065523e+03,2.829409722556148310e+01,1.000000000000000000e+00,4.135271466559593545e-01,2.581081741192091661e-01,1.444869735859902748e-01,4.214709828715044182e-01
2.733020900144227198e+05,8.231221608733044377e+02,6.470106080331140405e-35,1.834456073539693088e-01,3.916675062916500361e-01,4.118658686156033699e-01,3.852868278300138893e-01
