covariance, means, start_prob, link_coef01, link_coef02, link_coef11, link_coef12
6.878086086331784088e+01,5.288865893317321820e+00,1.000000000000000000e+00,3.597991959285845587e-01,7.196328476838009802e-01,1.078989297426687921e-01,7.704436750686627366e-02
1.093923846861735510e+05,3.435876593806376604e+02,1.416537053114317818e-187,3.121517224840089089e-01,6.698533145633867036e-01,5.863881918090325662e-01,4.346562263321547270e-01
