covariance, means, start_prob, link_coef01, link_coef02, link_coef11, link_coef12
2.198454004997218817e+03,3.326699943320262065e+01,1.000000000000000000e+00,8.877448172556187123e-01,1.340335441034429254e-01,2.277523164386371368e-01,3.417007159730000021e-01
1.391316261436046043e+05,5.211099152618646713e+02,9.816062948761565782e-84,7.930489967381160188e-01,8.390140273649990821e-01,7.314121989098997245e-01,2.017780426104813785e-01
