covariance, means, start_prob, link_coef01, link_coef02, link_coef11, link_coef12
2.845666455785424773e+02,6.547293996068691335e+00,1.000000000000000000e+00,1.749530424860008537e-01,9.202685617233723470e-01,2.927414592087542733e-01,3.339482675611599172e-01
2.439671048003197357e+05,6.356490334315005839e+02,4.951315826039496916e-152,9.963362246327037708e-01,9.685658595871630139e-01,5.013459914307131227e-01,9.329304153471740246e-02
