covariance, means, start_prob, link_coef01, link_coef02, link_coef11, link_coef12
2.672960084766239561e+03,3.027998531267394000e+01,7.763327773051161217e-271,6.563519346219218731e-01,7.369495943582693442e-02,4.972616559437510464e-01,9.128492365768039463e-01
1.477537651214455254e+05,6.286066291846586864e+02,1.000000000000000000e+00,6.932506329387139177e-01,6.292161729469972764e-01,4.986770711740997619e-01,9.383376956792001122e-01
