covariance, means, start_prob, link_coef01, link_coef02, link_coef11, link_coef12
7.049869173157574551e+03,6.228069605233049089e+01,1.000000000000000000e+00,5.700221240469598438e-01,4.098574171743132322e-01,8.026541193677808605e-01,5.394617512476407306e-02
2.775059596437817090e+05,8.623254578608285783e+02,8.330223515180178776e-129,5.554876990056598629e-01,7.999161284014766338e-01,7.087853025315272726e-01,2.804055215337538653e-01
