covariance, means, start_prob, link_coef01, link_coef02, link_coef11, link_coef12
4.932576287380766189e+02,1.253086934819856246e+01,1.000000000000000000e+00,8.942183372599166180e-01,6.885857135419662933e-01,7.724037148123861218e-01,1.711733279672353891e-01
1.315834644357104844e+05,4.356209371454652910e+02,2.083770525621056357e-140,8.660078061492895163e-01,4.410088225623830516e-01,6.730645034881815869e-01,3.007389811743563790e-01
