covariance, means, start_prob, link_coef01, link_coef02, link_coef11, link_coef12
4.222766999376144668e+03,5.251434126609403563e+01,7.743079101511436997e-122,6.977108227213587588e-01,9.154845968674215628e-01,6.082791235310559541e-01,3.418800026459336561e-01
1.896690775358855608e+05,6.563225093718621110e+02,1.000000000000000000e+00,2.806602652127730968e-01,8.776969607686911923e-01,3.794580790328794251e-01,7.272776023224321040e-01
