covariance, means, start_prob, link_coef01, link_coef02, link_coef11, link_coef12
8.496476773721109339e+02,1.292553658019839702e+01,1.000000000000000000e+00,5.988606303240878725e-01,4.893567438215388199e-01,1.137356301306332584e-01,4.251773174954898149e-01
2.401948530283330183e+05,6.686201139597851579e+02,3.545359414529477860e-141,6.201730260630908820e-01,6.065925986697130456e-01,9.939252191786481783e-01,7.057687772562903916e-02
