covariance, means, start_prob, link_coef01, link_coef02, link_coef11, link_coef12
2.755444175762617306e+03,3.811265760056282659e+01,1.000000000000000000e+00,6.175317261602343288e-01,1.185941180637390957e-01,8.965826290494132156e-01,9.142832747951801231e-01
1.395767396486735961e+05,5.386171352613018826e+02,8.858499022495568974e-120,5.065404362683746387e-01,7.189463332026078124e-01,9.514711827526589616e-01,4.544294709742404681e-01
