covariance, means, start_prob, link_coef01, link_coef02, link_coef11, link_coef12
3.571533615178054333e+03,3.532773398772305740e+01,1.000000000000000000e+00,5.539606720218598346e-01,8.499363941991580074e-01,3.224791394675980971e-01,3.011480299766357005e-01
2.675122804230644251e+05,8.507451438378166131e+02,1.135525542623370038e-143,8.669639257243691999e-01,8.821515747656536455e-01,6.882899330722402897e-01,2.503279972220182614e-01
