covariance, means, start_prob, link_coef01, link_coef02, link_coef11, link_coef12
1.783245234662826533e+03,2.723451530467337633e+01,1.000000000000000000e+00,6.762361480347127696e-01,1.977302325147446416e-01,8.819463997801990640e-02,8.068625800266472359e-01
9.729932821303860692e+04,4.582676975932589585e+02,1.213230321398313122e-123,7.295134431599336056e-01,1.501401745857038339e-01,4.984054333479934762e-01,6.913372094167142823e-01
