covariance, means, start_prob, link_coef01, link_coef02, link_coef11, link_coef12
8.200349059267827556e+01,3.566947956878878667e+00,1.000000000000000000e+00,8.679956795777488132e-03,7.020788020018553510e-01,7.808145084625282006e-01,6.085852706134025070e-01
6.534752783218827972e+04,3.277911653929339764e+02,5.346521844945605336e-162,4.670201640989883884e-01,8.043238409285446977e-03,6.645860734863127117e-01,8.911905569021820739e-01
