covariance, means, start_prob, link_coef01, link_coef02, link_coef11, link_coef12
1.139788082807963008e+02,6.658771660259178660e+00,1.000000000000000000e+00,9.169506212235631892e-01,8.576442659225472775e-01,7.220327904781794759e-01,1.932266868248702085e-01
1.101583638999523100e+05,3.633493366019838504e+02,1.515793898140551661e-163,2.180729876081519691e-01,7.066574976101575034e-01,6.780358013883933666e-01,9.182079914051470837e-01
