covariance, means, start_prob, link_coef01, link_coef02, link_coef11, link_coef12
3.187135894332898715e+03,4.134432879657174453e+01,1.000000000000000000e+00,3.967169334075344445e-01,7.415092173157721289e-01,1.904791342896379192e-01,2.603402909960866873e-01
1.906190235252176353e+05,6.192791690379790452e+02,3.605438194417401482e-122,1.631468490282318440e-01,6.753407288738916270e-01,6.985846982342014400e-01,8.027130744039477905e-01
