covariance, means, start_prob, link_coef01, link_coef02, link_coef11, link_coef12
1.688790966312582896e+03,2.465445447272731982e+01,9.999999998999999750e-11,9.486301393121499004e-01,5.037588333966578347e-01,2.552151769492183586e-02,2.744415960908438423e-01
1.534799666976785520e+05,5.271766664018557549e+02,9.999999998999999917e-01,3.474752424484617297e-01,2.207639245813771689e-01,2.991648645934577022e-01,2.077683364328749560e-01
