covariance, means, start_prob, link_coef01, link_coef02, link_coef11, link_coef12
3.923255856188774487e+03,4.521586174393081592e+01,1.000000000000000000e+00,4.283841212377672569e-01,2.604902214800782767e-01,1.484156917163094169e-01,3.264158022645904378e-01
1.932738860223962693e+05,6.959950964197653320e+02,4.618826038092674527e-94,9.127261813875843233e-01,5.553443745998912773e-01,9.766686113260428792e-01,5.306784184149668793e-01
