covariance, means, start_prob, link_coef01, link_coef02, link_coef11, link_coef12
1.539016077172276482e+02,5.834297347713356174e+00,1.000000000000000000e+00,1.293743365979586057e-01,2.248279778031392340e-01,7.343195373565818418e-01,9.432937119220937694e-01
2.329383531150271883e+05,5.832160559002014679e+02,1.485008186124487298e-18,3.971599597177506435e-01,2.619290548405616148e-01,5.315298720966767920e-01,3.968735678015542501e-01
