covariance, means, start_prob, link_coef01, link_coef02, link_coef11, link_coef12
5.301334470113949919e+02,1.202082589370311183e+01,1.000000000000000000e+00,1.175203323289516488e-01,5.385393338987565226e-02,1.464653547317523730e-01,6.678731981769941983e-01
1.607583626195790421e+05,4.742650067837093388e+02,1.157213758013779046e-142,5.778924943019512206e-01,2.390104055641397718e-01,7.481828863688325670e-01,2.517726588346588246e-01
