covariance, means, start_prob, link_coef01, link_coef02, link_coef11, link_coef12
3.900510913581872501e+03,4.287822806549265664e+01,1.000000000000000000e+00,7.797512146753327045e-01,2.457409470660761874e-01,9.759368285905013485e-01,3.533349233899498731e-01
1.865289185059203883e+05,6.408839229159034403e+02,2.698103390932747409e-120,2.974497902916817260e-02,1.861044901058194201e-01,3.890454828924780895e-01,6.294480561193340762e-01
