covariance, means, start_prob, link_coef01, link_coef02, link_coef11, link_coef12
1.581818236198583918e+03,2.101624086134785330e+01,1.000000000000000000e+00,1.226970078344881143e-01,3.736104506361455080e-01,6.477475609726368599e-01,3.878184904954024015e-01
1.815420171641888446e+05,6.099162680149931930e+02,2.061155804966368923e-134,8.624680076914414961e-03,9.633561381117624611e-01,5.867806157629916752e-01,9.656450823605160494e-01
