covariance, means, start_prob, link_coef01, link_coef02, link_coef11, link_coef12
6.453787595618546220e+03,5.490402835333846099e+01,1.000000000000000000e+00,4.565469006849307565e-01,7.645000737273766056e-01,9.619256626742256344e-01,3.655761988405508145e-01
2.407861880296379386e+05,7.916134472882304181e+02,2.888248500101452610e-122,1.283213937391479709e-01,9.729563155602011237e-01,4.967603240032292256e-01,9.973943157441106377e-01
