covariance, means, start_prob, link_coef01, link_coef02, link_coef11, link_coef12
1.320398859294320573e+03,2.119558398933733301e+01,1.000000000000000000e+00,6.871553192440212898e-01,2.813802453162408401e-01,2.375691260403195448e-01,9.464940008888944600e-02
2.348254838286034064e+05,5.630858021992366957e+02,7.350482848558949486e-131,8.172884862111889914e-01,6.701933657183438697e-01,8.246315389561942322e-02,6.026972754859812875e-01
