covariance, means, start_prob, link_coef01, link_coef02, link_coef11, link_coef12
1.773815281237250474e+03,2.363502866660930479e+01,2.416683712027933488e-57,8.000675950795228530e-01,2.676207676937324420e-01,4.041123901385570427e-01,4.640212720184324624e-01
1.856966330652045144e+05,6.502294357411105921e+02,1.000000000000000000e+00,5.500458156516269126e-01,4.866014694419007469e-01,7.237016445102165685e-01,2.351752113119731646e-02
