covariance, means, start_prob, link_coef01, link_coef02, link_coef11, link_coef12
1.286301593964904896e+04,8.369777545427811560e+01,1.000000000000000000e+00,4.673769249717102392e-01,1.617279609673845098e-01,3.745319562595169627e-01,8.952868763071353264e-01
7.104558312503765337e+05,1.035541370988949438e+03,8.676335423278366179e-108,4.469936976216559721e-01,2.793640437884358230e-01,5.938616453168327203e-01,5.457439048032513007e-01
