covariance, means, start_prob, link_coef01, link_coef02, link_coef11, link_coef12
3.375345979819903732e+03,3.501362668266925482e+01,1.000000000000000000e+00,5.936900366935626838e-02,4.234258572414328903e-02,5.173500553206020758e-01,6.243607964788078224e-01
3.330399798559686751e+05,8.123393654082730109e+02,5.185254299286365282e-134,4.218280675774881416e-01,4.902561608998601272e-02,5.930850084264670530e-01,6.303700334592360344e-01
