covariance, means, start_prob, link_coef01, link_coef02, link_coef11, link_coef12
8.294830466339682289e+02,1.522357984697642941e+01,1.000000000000000000e+00,9.640861607066704142e-01,7.157233048177683576e-01,7.575223531350572248e-02,5.160123263860505460e-02
1.345682266120563727e+05,4.916951357135111493e+02,4.081754076780289119e-137,3.343446007248221941e-01,7.234767316970112105e-01,4.821060058857590258e-01,8.847069949425624413e-01
