covariance, means, start_prob, link_coef01, link_coef02, link_coef11, link_coef12
4.506163658742110783e+03,4.909442616859773523e+01,1.000000000000000000e+00,9.969634201197726808e-01,2.199640641957845144e-02,2.738301163503252811e-01,6.144360352745175113e-01
1.676930840507681132e+05,6.530674356768632833e+02,1.502160364396125275e-118,2.050313534627575818e-01,2.276874765162070213e-01,5.490950206040098314e-01,3.603326976601584075e-02
