covariance, means, start_prob, link_coef01, link_coef02, link_coef11, link_coef12
6.285344300350374169e+02,1.418959383790433471e+01,1.000000000000000000e+00,3.839782237173311463e-01,5.329975302392490066e-01,3.170016171669225447e-01,8.897393624744051044e-01
1.130545654462791572e+05,4.279042998133704145e+02,6.679395353783604126e-136,2.036512811244175492e-01,3.576967423113183164e-01,6.024055041170541802e-01,6.383472911537440009e-01
