covariance, means, start_prob, link_coef01, link_coef02, link_coef11, link_coef12
6.778601504340843348e+03,6.053324998610505503e+01,1.000000000000000000e+00,4.920231730687447680e-01,4.250576245593381541e-01,7.213522834944391393e-01,8.037508504724589775e-01
5.642009532936397009e+05,9.584569342452882665e+02,2.568447522262567397e-124,3.122772896761960570e-02,7.477965886329716039e-01,4.238650407890260929e-01,9.658014137498309726e-01
