covariance, means, start_prob, link_coef01, link_coef02, link_coef11, link_coef12
2.615402851073540205e+03,3.582481323495052550e+01,1.000000000000000000e+00,3.929224947921514666e-01,8.841800530608961983e-01,9.729966866796495584e-01,6.720329878753749098e-01
1.311412997877825401e+05,5.416258579363177432e+02,2.037740347187400621e-122,2.611560153241796467e-01,1.731602523182923514e-01,9.764998979052610384e-01,2.996536626226149469e-01
