covariance, means, start_prob, link_coef01, link_coef02, link_coef11, link_coef12
2.582481780648749918e+03,3.170959866701410945e+01,1.000000000000000000e+00,4.237489339959032986e-02,6.030271308766884664e-01,7.717754241683061345e-01,6.778967838604922358e-01
3.672395744552939432e+05,8.354949001467138032e+02,4.187456128881437230e-138,7.691945304855527521e-01,4.855347468081016027e-01,7.375954564638196320e-01,1.479397582899240060e-01
