covariance, means, start_prob, link_coef01, link_coef02, link_coef11, link_coef12
2.232486429292351204e+03,2.910461313479386902e+01,1.000000000000000000e+00,2.243108489285950968e-01,3.225361713891071735e-01,1.972204777979348345e-01,7.526500577250155866e-01
1.445600484867664636e+05,5.709677380724190243e+02,8.044746895485580630e-128,9.215015414243590275e-01,3.923760198875732019e-01,1.536732544078708296e-01,5.043664987092599805e-01
