covariance, means, start_prob, link_coef01, link_coef02, link_coef11, link_coef12
2.273641563060678436e+03,2.537023758855328381e+01,4.590746048573071475e-156,9.017843682927967341e-01,8.692927918834918444e-01,9.138249768738737622e-01,7.676233610212958025e-01
2.085058491419230122e+05,6.981454618074667451e+02,1.000000000000000000e+00,4.534367853804029957e-01,8.676417164055767461e-01,6.698151333143063102e-01,2.476844626429375307e-02
