covariance, means, start_prob, link_coef01, link_coef02, link_coef11, link_coef12
1.326167535887256918e+03,2.529567151769078848e+01,3.579079925678507046e-34,8.361986039088633582e-01,8.688590319756634983e-01,7.710825831865096847e-01,3.688979345821964406e-01
1.470857765871828597e+05,5.060064370894130548e+02,1.000000000000000000e+00,2.087563693553767807e-01,8.454317179822090633e-02,5.465907865621059125e-01,7.598252132612951515e-01
