covariance, means, start_prob, link_coef01, link_coef02, link_coef11, link_coef12
2.585746553225014850e+03,3.026295766502631679e+01,1.000000000000000000e+00,7.029107241885638180e-01,2.395849983152489315e-01,6.946974628934099449e-02,9.636270814167875454e-01
1.344772742949352541e+05,5.473495633046577495e+02,9.265081082289512829e-122,8.357392560771848000e-02,4.610842335683583704e-01,3.158020327037173169e-01,1.586269088248187797e-01
