covariance, means, start_prob, link_coef01, link_coef02, link_coef11, link_coef12
7.490138184527862109e+01,4.136104158795363084e+00,1.000000000000000000e+00,5.931324774599342486e-01,1.200010719662817360e-01,6.005206600413175444e-01,6.892542961849423833e-02
2.027754918385513520e+04,1.576588982873817599e+02,3.260953318741166257e-70,8.545976206143691689e-01,5.850203729909665418e-01,6.117535801401041695e-01,5.027571704636474292e-01
