covariance, means, start_prob, link_coef01, link_coef02, link_coef11, link_coef12
1.962258332802956318e+01,1.000721687324706899e+00,1.000000000000000000e+00,5.453815183835220015e-01,2.906580423707989524e-01,1.707712117341639857e-01,7.869385497801414386e-01
1.680934732095491490e+05,5.109852570027149454e+02,4.250340455563463878e-52,9.571048898517746650e-01,5.780724568699183719e-01,1.509569070157987802e-01,8.024045076141633759e-01
