covariance, means, start_prob, link_coef01, link_coef02, link_coef11, link_coef12
1.741157162893356514e+01,1.229858714790158958e+00,1.000000000000000000e+00,1.154500458793369377e-01,3.345057158218487370e-01,8.895401342151146862e-01,2.900802824301984550e-01
4.068761824378803431e+04,2.067364044543861610e+02,1.465348937079906268e-33,9.150915146730790317e-01,5.791218110264791941e-01,2.203397014500774187e-01,2.263245999819221144e-01
