covariance, means, start_prob, link_coef01, link_coef02, link_coef11, link_coef12
2.055139029544265128e+01,1.209329213602530873e+00,9.999999998999999917e-01,1.631802209613322230e-01,1.455904271871527600e-01,4.141177204327763928e-01,5.525788439038138433e-01
8.503060602280442254e+04,2.940878876115891671e+02,9.999999998999999750e-11,7.683130486522705693e-01,6.759983159741598246e-01,5.669730700735181594e-01,8.100333824077543543e-01
