covariance, means, start_prob, link_coef01, link_coef02, link_coef11, link_coef12
4.772298947862395266e+02,1.510707934342795333e+01,9.999999998999999750e-11,5.833644438254471654e-01,1.801651437941513834e-01,4.105758769610856618e-01,9.647994850012883150e-01
3.783825689140972099e+04,2.237261347177332027e+02,9.999999998999999917e-01,3.664573301311920828e-01,5.859938208886820155e-01,2.364320153839427618e-02,5.973043412887825143e-01
