covariance, means, start_prob, link_coef01, link_coef02, link_coef11, link_coef12
1.029765831984717828e+01,8.266159048138831400e-01,9.999999999999977796e-01,8.994933540487053403e-01,6.053591685428449942e-01,4.939390735642051888e-01,6.958892288931495251e-01
1.062084624713329395e+05,3.080332801718305973e+02,2.277681816468452776e-15,6.205299599768244745e-01,6.753399331899285762e-01,8.465906751129370633e-01,9.361864963001933493e-01
