covariance, means, start_prob, link_coef01, link_coef02, link_coef11, link_coef12
6.923450280531596945e+00,7.620792027308544991e-01,1.000000000000000000e+00,4.240918646249083324e-01,6.957515450054287953e-01,2.045606672904468626e-01,4.174612599325963069e-01
6.854136900646297727e+04,2.754587032721594255e+02,5.789488535249851237e-35,2.719262653216406589e-01,7.792613398267365099e-01,1.006934308872452499e-01,6.058682604300423824e-01
