covariance, means, start_prob, link_coef01, link_coef02, link_coef11, link_coef12
7.209083520729276415e+02,1.477314443233387209e+01,2.658750271120659341e-242,8.331441043711621530e-01,3.534890660637047821e-01,8.926007329819668490e-01,1.375926343024892473e-01
7.329496717351998086e+04,3.935468381297843052e+02,1.000000000000000000e+00,1.900376102833517544e-01,4.165875756325266854e-01,1.150201044336381928e-01,3.117428072624568447e-01
