covariance, means, start_prob, link_coef01, link_coef02, link_coef11, link_coef12
3.455386101738857633e+03,4.214450897933482310e+01,1.000000000000000000e+00,4.280513939128374190e-01,5.001129997670128446e-02,2.825121312634003568e-01,5.850893115061069905e-01
1.693983283439674997e+05,6.019754603634734167e+02,3.057046595200897141e-116,1.085324483681857632e-01,2.985963086201270933e-01,9.753214261363195581e-01,6.863996820784379338e-01
