covariance, means, start_prob, link_coef01, link_coef02, link_coef11, link_coef12
1.270203329888342125e+02,4.011906805581416435e+00,1.000000000000000000e+00,4.112027998492955305e-01,7.708645873048032282e-01,7.410544543040363807e-01,5.420495792913661015e-01
4.631772266073949140e+04,2.727945286041754116e+02,2.663834154122377069e-30,7.477836681366017979e-01,8.252622101686206690e-01,7.468328337196000755e-01,4.993312160206050399e-01
