covariance, means, start_prob, link_coef01, link_coef02, link_coef11, link_coef12
4.765615880400086990e-01,1.573102287852024550e-01,1.155787314950984935e-251,3.987101005724541514e-01,2.694962182157299990e-01,7.172637427431669543e-01,6.828704468304411801e-01
7.974533220982250350e+04,2.693011506407918318e+02,1.000000000000000000e+00,6.080556601464421895e-01,8.098779966607945191e-01,5.876903910946795762e-02,8.880849546705943398e-01
