covariance, means, start_prob, link_coef01, link_coef02, link_coef11, link_coef12
1.308497118831853356e+02,5.280669095804438662e+00,1.000000000000000000e+00,5.303063285903929502e-01,7.665126507080667340e-01,3.573081937714097656e-01,4.257140862060874165e-01
2.611800898018671069e+04,2.109588927293011977e+02,1.361964361254224135e-137,9.382975700013389542e-01,2.174639322252085449e-01,6.897177237196235877e-01,7.890718466587408608e-01
