covariance, means, start_prob, link_coef01, link_coef02, link_coef11, link_coef12
1.115124817962865178e-06,0.000000000000000000e+00,9.999999998999999750e-11,6.293434694409694163e-01,2.230511527113800962e-01,1.074037002000594043e-03,9.029955847005612934e-01
6.281374944467766181e+04,3.192555589550744344e+02,9.999999998999999917e-01,6.350409952932229984e-01,6.796555062523278457e-01,1.295674900165290078e-01,9.173248743554623941e-01
