covariance, means, start_prob, link_coef01, link_coef02, link_coef11, link_coef12
1.085422766133270909e-06,0.000000000000000000e+00,9.999999998999999750e-11,5.078160867858586558e-01,6.953160923153277606e-01,3.046858335344347912e-01,2.396398648708578660e-01
6.645847588400794484e+04,3.118838767203218936e+02,9.999999998999999917e-01,9.696893772688850444e-01,2.395075189949833483e-01,1.987588514582105947e-01,4.638499212904934055e-01
