covariance, means, start_prob, link_coef01, link_coef02, link_coef11, link_coef12
7.430250599416092505e-02,2.309981067311323022e-02,9.999999999999655831e-01,3.184849990492329974e-01,6.808584244905112604e-01,1.549383944665020385e-01,6.451179711993653143e-01
5.741718541356929927e+04,2.622054951457718630e+02,3.444598767905995299e-14,6.799261031821824952e-01,5.884680079937372188e-01,4.071988624095479459e-02,2.023195338675557453e-01
