covariance, means, start_prob, link_coef01, link_coef02, link_coef11, link_coef12
6.962437176702140107e+01,3.110817618035308207e+00,1.000000000000000000e+00,5.806089890997667702e-02,2.606341533198561766e-01,3.443335613076020651e-01,7.814173540023646725e-01
5.845515362255059154e+04,2.534001153177678987e+02,7.288879185144715987e-151,4.695994448300572222e-01,8.434770541298577395e-01,2.618245817491100524e-01,3.563476129617935140e-01
