covariance, means, start_prob, link_coef01, link_coef02, link_coef11, link_coef12
2.147990674879505790e-01,5.837761388694517189e-02,1.000000000000000000e+00,5.243528560852964704e-01,3.901570125812254819e-01,5.830648808624696589e-01,7.042333008727766908e-01
1.289063980338240071e+05,3.976475808387780262e+02,8.224964915043011756e-34,7.353192286888812212e-01,4.710354481712580865e-01,2.670109550066678272e-01,9.745044665965597597e-01
