covariance, means, start_prob, link_coef01, link_coef02, link_coef11, link_coef12
2.436112075967152748e+02,7.823759708799363999e+00,1.000000000000000000e+00,9.069115180834848022e-01,2.078401429189363769e-01,8.093071395563726789e-01,4.901056061312902834e-02
1.027731332907894102e+05,3.299883076629414518e+02,1.091925673985260773e-137,5.736901488796211090e-01,5.248391477587761589e-01,6.354833449624490704e-01,3.159302943248710749e-01
