covariance, means, start_prob, link_coef01, link_coef02, link_coef11, link_coef12
5.150752045974444400e+02,1.202183047182956166e+01,1.000000000000000000e+00,2.253916906482211768e-01,4.476849662715710609e-01,5.170653119482991888e-01,3.453755365561190782e-01
7.313794783098732296e+04,3.571980340703470915e+02,7.191889252301442063e-234,3.595519633592271225e-01,5.969560982505655033e-01,1.214562874933060588e-01,7.487371536137723549e-01
