covariance, means, start_prob, link_coef01, link_coef02, link_coef11, link_coef12
2.825582350239183582e-01,7.700766013623291939e-02,9.999999998999999750e-11,7.788519303373697689e-02,3.241460693107345303e-01,1.554739906770473690e-01,3.084710133986612313e-02
1.317979881781298900e+05,3.975481374791086182e+02,9.999999998999999917e-01,2.595481029380745097e-01,1.901056237202499721e-01,2.471984192995605456e-01,8.038500262895713622e-01
