covariance, means, start_prob, link_coef01, link_coef02, link_coef11, link_coef12
1.006676144401673241e+03,1.551713841348894896e+01,1.000000000000000000e+00,5.708572686068530411e-01,9.717604092742768707e-01,1.205982982103791512e-01,5.149471676068095860e-01
9.507153728363389382e+04,4.408542221529383482e+02,6.905599959877152521e-130,7.449611550953958439e-01,5.270507857585912115e-01,1.983749075293868014e-01,8.794605499612647703e-01
