covariance, means, start_prob, link_coef01, link_coef02, link_coef11, link_coef12
1.576089378832077443e+02,6.237040871426554389e+00,1.000000000000000000e+00,5.476758687039277040e-01,5.057703841446137272e-02,1.087809981711327367e-01,1.694772230624886911e-01
5.461640673608944780e+04,2.584132983896504925e+02,2.722312446125189059e-143,5.346421835664679767e-01,7.295556126680762254e-01,5.154650485857794617e-01,2.109176346231322885e-02
