covariance, means, start_prob, link_coef01, link_coef02, link_coef11, link_coef12
6.462720053607059754e+02,1.061632865246841817e+01,1.559131497646474232e-136,0.000000000000000000e+00,0.000000000000000000e+00,-1.284732518625518516e+00,-2.917718245015846201e-01
1.153735453841924755e+05,5.438888877793293659e+02,1.000000000000000000e+00,-2.280475573619967555e+00,5.976759091433899718e-01,0.000000000000000000e+00,0.000000000000000000e+00
