covariance, means, start_prob, link_coef01, link_coef02, link_coef11, link_coef12
8.227676681339276911e+03,7.126714105450085412e+01,9.999999997899431392e-01,0.000000000000000000e+00,0.000000000000000000e+00,-1.301551535122032144e+00,-3.928037049025108751e-01
1.727769487457264040e+05,6.783572430979121464e+02,2.100568446999185749e-10,-1.843275245955155572e+00,1.257947312300861098e-01,0.000000000000000000e+00,0.000000000000000000e+00
