covariance, means, start_prob, link_coef01, link_coef02, link_coef11, link_coef12
1.887420720702860535e+03,2.601469134420304030e+01,9.999999999935256234e-01,0.000000000000000000e+00,0.000000000000000000e+00,-1.115665590293966503e+00,-3.621630016948215181e-01
4.719111650774786540e+04,3.522856837601416942e+02,6.474414558437643193e-12,-2.045763915684930545e+00,4.374764248337462691e-01,0.000000000000000000e+00,0.000000000000000000e+00
