covariance, means, start_prob, link_coef01, link_coef02, link_coef11, link_coef12
7.017123309145080157e+02,1.271232369425843522e+01,9.999999999999906741e-01,0.000000000000000000e+00,0.000000000000000000e+00,-8.242411122224355680e-01,-4.170340865252948337e-01
6.801892614841726026e+04,3.737147008506889847e+02,9.407830686841497518e-15,-1.896733576883366634e+00,4.459056742602269252e-01,0.000000000000000000e+00,0.000000000000000000e+00
