covariance, means, start_prob, link_coef01, link_coef02, link_coef11, link_coef12
2.149308938669145846e+03,2.955433348104094904e+01,9.999999999995783373e-01,0.000000000000000000e+00,0.000000000000000000e+00,-8.610963779501307203e-01,-2.332026778471388839e-01
7.215504578630797914e+04,4.436522393618334945e+02,4.215813750400802359e-13,-1.999882203691424554e+00,4.807229928720579970e-01,0.000000000000000000e+00,0.000000000000000000e+00
