covariance, means, start_prob, link_coef01, link_coef02, link_coef11, link_coef12
6.566471214812312382e+02,1.506203502981859899e+01,9.999999999997775113e-01,0.000000000000000000e+00,0.000000000000000000e+00,-7.441820850489724304e-01,-2.241051777881848395e-01
5.687214061661755113e+04,3.282251217910682044e+02,2.223917840597066291e-13,-2.031493691834280746e+00,8.765053391122391846e-02,0.000000000000000000e+00,0.000000000000000000e+00
