covariance, means, start_prob, link_coef01, link_coef02, link_coef11, link_coef12
4.878086201939614739e+02,8.678448838646129815e+00,2.926866194910081322e-251,0.000000000000000000e+00,0.000000000000000000e+00,-1.375237129745254139e+00,-7.146670811914614951e-01
4.913246760130113398e+04,4.113612972313227942e+02,1.000000000000000000e+00,-2.067833255655319835e+00,4.330973237816350685e-01,0.000000000000000000e+00,0.000000000000000000e+00
