covariance, means, start_prob, link_coef01, link_coef02, link_coef11, link_coef12
3.241242441034020771e+02,1.059278221752839499e+01,9.999999999999655831e-01,0.000000000000000000e+00,0.000000000000000000e+00,-1.252159420060423578e-01,-6.874440235722494297e-01
2.149353156908406527e+04,2.112636090354667431e+02,3.438764475140316458e-14,-2.144273027295036549e+00,6.558485975670811374e-01,0.000000000000000000e+00,0.000000000000000000e+00
