covariance, means, start_prob, link_coef01, link_coef02, link_coef11, link_coef12
1.678251855083118471e+03,2.453680710729159031e+01,9.999999999932107642e-01,0.000000000000000000e+00,0.000000000000000000e+00,-8.561779605803300219e-01,-3.606205049288902509e-01
1.157188175164886197e+05,4.269047250805911631e+02,6.789176384403681104e-12,-2.114309645549602212e+00,4.168211892195934354e-01,0.000000000000000000e+00,0.000000000000000000e+00
