covariance, means, start_prob, link_coef01, link_coef02, link_coef11, link_coef12
6.073145345010195797e+02,1.000461839957337595e+01,2.022978825659762949e-118,0.000000000000000000e+00,0.000000000000000000e+00,-1.603056813377387924e+00,-3.293497589129358305e-01
5.898651202905132959e+04,3.932759835262676802e+02,1.000000000000000000e+00,-2.217646164026327860e+00,6.917091645425669233e-01,0.000000000000000000e+00,0.000000000000000000e+00
