covariance, means, start_prob, link_coef01, link_coef02, link_coef11, link_coef12
3.247672629386219796e+03,3.778224560149988065e+01,1.634483628830392531e-24,0.000000000000000000e+00,0.000000000000000000e+00,-9.395491180794826036e-01,-3.401226454780696684e-02
7.157869040182726167e+04,4.649318465009325223e+02,1.000000000000000000e+00,-1.609456567838648100e+00,4.695477986154748540e-01,0.000000000000000000e+00,0.000000000000000000e+00
