covariance, means, start_prob, link_coef01, link_coef02, link_coef11, link_coef12
1.319422378159806158e+03,1.577449264781638583e+01,9.999999999995110578e-01,0.000000000000000000e+00,0.000000000000000000e+00,-1.238919091925840599e+00,-5.468211548871473315e-01
1.196692339511202008e+05,5.250825884399844199e+02,4.888758143520215850e-13,-2.037573935261089986e+00,4.972996686292443513e-01,0.000000000000000000e+00,0.000000000000000000e+00
