covariance, means, start_prob, link_coef01, link_coef02, link_coef11, link_coef12
7.953742869545513940e+02,1.343490182110642017e+01,9.999999999999797939e-01,0.000000000000000000e+00,0.000000000000000000e+00,-5.473649968746259198e-01,-3.999478059206111880e-01
1.125018674914523581e+05,4.498924670471195100e+02,2.014985982007859386e-14,-1.994229432138208580e+00,1.747509475380983612e-01,0.000000000000000000e+00,0.000000000000000000e+00
