covariance, means, start_prob, link_coef01, link_coef02, link_coef11, link_coef12
1.351177172765213527e+03,1.859954983518164440e+01,9.999999999997648548e-01,0.000000000000000000e+00,0.000000000000000000e+00,-9.102315176295224797e-01,-2.895792031328447425e-01
9.174475047938273929e+04,4.205097453790268105e+02,2.352066395864826108e-13,-2.181826828658587125e+00,2.268010769687944517e-01,0.000000000000000000e+00,0.000000000000000000e+00
