covariance, means, start_prob, link_coef01, link_coef02, link_coef11, link_coef12
7.413879949704794399e+02,1.474483492281927077e+01,9.999999999997397637e-01,0.000000000000000000e+00,0.000000000000000000e+00,-8.518654257502398242e-01,-4.133658923957644893e-01
6.204051383253430686e+04,3.402633230809321390e+02,2.602207755604475493e-13,-2.259265746851886636e+00,7.559841061530803152e-01,0.000000000000000000e+00,0.000000000000000000e+00
