covariance, means, start_prob, link_coef01, link_coef02, link_coef11, link_coef12
4.630022052782745732e+02,1.085767252143667250e+01,9.999999999999604761e-01,0.000000000000000000e+00,0.000000000000000000e+00,-6.431991279045147225e-01,5.142895940302876640e-02
4.223642234702069254e+04,2.912491540738772642e+02,3.942710228849208137e-14,-1.969012135737764346e+00,9.708849207490771738e-02,0.000000000000000000e+00,0.000000000000000000e+00
