covariance, means, start_prob, link_coef01, link_coef02, link_coef11, link_coef12
3.863395532244842798e+03,3.113700758462070439e+01,9.999999999995901057e-01,0.000000000000000000e+00,0.000000000000000000e+00,-1.389261776001538884e+00,-4.380552714024148475e-01
1.527419615755332343e+05,6.614927369933316186e+02,4.098526277206564238e-13,-2.139249511569160767e+00,8.341278068987938443e-01,0.000000000000000000e+00,0.000000000000000000e+00
