covariance, means, start_prob, link_coef01, link_coef02, link_coef11, link_coef12
1.236321924479995005e+03,2.645965180760671132e+01,2.806453295557107425e-70,0.000000000000000000e+00,0.000000000000000000e+00,-1.999396604736240757e-01,-1.016211967658388338e-01
4.455213393696831190e+04,2.858334133585593690e+02,1.000000000000000000e+00,-1.955692626161680492e+00,1.805640958305984034e-01,0.000000000000000000e+00,0.000000000000000000e+00
