covariance, means, start_prob, link_coef01, link_coef02, link_coef11, link_coef12
6.798975229828048441e+02,1.169708446278198366e+01,9.999999999998336886e-01,0.000000000000000000e+00,0.000000000000000000e+00,-8.365897953368799378e-01,-5.515085625383919776e-01
8.367974090952606639e+04,3.830324498094874457e+02,1.663014443113639302e-13,-2.103188287728742445e+00,4.465427386953154665e-01,0.000000000000000000e+00,0.000000000000000000e+00
