covariance, means, start_prob, link_coef01, link_coef02, link_coef11, link_coef12
5.209801913280684857e+03,4.728017863101769791e+01,9.999999999987230215e-01,0.000000000000000000e+00,0.000000000000000000e+00,-8.834132461221526622e-01,-1.522920811305902289e-01
9.405637629836692940e+04,5.465948700799443714e+02,1.276987924029839934e-12,-1.888003506482615279e+00,7.370389947241566819e-01,0.000000000000000000e+00,0.000000000000000000e+00
