covariance, means, start_prob, link_coef01, link_coef02, link_coef11, link_coef12
7.011566712581122829e+02,1.597782301918016934e+01,9.999999999987514432e-01,0.000000000000000000e+00,0.000000000000000000e+00,-9.819705241783434069e-01,-2.100971665081736439e-01
2.561224773635242309e+04,2.599680558099695418e+02,1.248533298681130407e-12,-1.922092281686924142e+00,4.938363499209167395e-01,0.000000000000000000e+00,0.000000000000000000e+00
