covariance, means, start_prob, link_coef01, link_coef02, link_coef11, link_coef12
1.063244476982476954e+03,1.588156800242343358e+01,9.999999999995601296e-01,0.000000000000000000e+00,0.000000000000000000e+00,-1.369882156559136810e+00,-2.939774281269870171e-01
5.529072558651079453e+04,3.651023876403807549e+02,4.399421660690603600e-13,-2.255976685266206871e+00,2.847705941249012995e-01,0.000000000000000000e+00,0.000000000000000000e+00
