covariance, means, start_prob, link_coef01, link_coef02, link_coef11, link_coef12
4.711943894848744869e+08,9.259024930029207212e+01,5.000000000000000000e-01,5.776287776667303753e-01,4.643395803054072291e-01,7.389369419244071757e-01,4.999877905111116405e-01
4.693489502268206477e+08,8.262812034554926868e+02,5.000000000000000000e-01,1.503074831976162207e-01,4.573674095259082639e-01,8.679006178396502236e-01,1.992489521618653336e-01
