covariance, means, start_prob, link_coef01, link_coef02, link_coef11, link_coef12
3.607407313290886879e+08,8.890291821326080424e+01,5.000000000000000000e-01,6.647016119010610291e-01,6.386455790539403710e-01,2.925139860643921619e-01,4.578231147719512562e-01
3.593961917709751725e+08,7.377640594699689700e+02,5.000000000000000000e-01,5.309176991476960428e-01,6.317448176280260341e-01,8.444221805053628849e-01,1.708975629872637736e-01
