covariance, means, start_prob, link_coef01, link_coef02, link_coef11, link_coef12
1.223781834744541407e+09,1.454752824858080942e+02,5.000000000000000000e-01,9.350773021134735075e-01,7.799491505926545720e-01,5.936760894107240283e-02,2.982466580746848672e-01
1.219106187745469570e+09,1.031335745613963581e+03,5.000000000000000000e-01,6.678108000126369292e-01,3.217810664120722697e-01,2.422189626526781714e-01,5.058300957052622726e-01
