covariance, means, start_prob, link_coef01, link_coef02, link_coef11, link_coef12
3.880191585536536574e+08,9.224618423416360713e+01,5.000000000000000000e-01,2.406472368236054482e-01,5.098947235538702216e-01,7.012319262335460213e-01,6.943329519901350055e-01
3.867271065272922516e+08,1.126357675111783237e+03,5.000000000000000000e-01,5.986856053659331822e-01,8.908862294828843176e-01,9.217665314862898418e-01,7.295584388713139967e-01
