covariance, means, start_prob, link_coef01, link_coef02, link_coef11, link_coef12
4.055333863511878848e+08,8.962701720634325397e+01,5.000000000000000000e-01,5.119342983072787678e-01,7.617300626764853533e-01,4.918221474375052971e-01,4.999198604902110876e-01
4.040257551706287265e+08,1.024269070735070272e+03,5.000000000000000000e-01,9.103271113220112731e-01,5.349647591952313430e-01,5.553784908690109212e-01,2.620073292635084483e-01
