covariance, means, start_prob, link_coef01, link_coef02, link_coef11, link_coef12
6.201610714679311514e+08,1.201368016627419593e+02,5.000000000000000000e-01,9.482698204729299585e-01,5.778833987980770415e-01,2.134472694356348565e-01,9.090803967041072298e-01
6.179335144234116077e+08,1.022549419627113139e+03,5.000000000000000000e-01,5.808691963901047028e-01,5.605595756101223737e-01,2.267397002170705722e-01,7.086509115779909829e-01
