covariance, means, start_prob, link_coef01, link_coef02, link_coef11, link_coef12
7.536483635802625418e+08,1.284355321363444773e+02,5.000000000000000000e-01,6.736066259637609743e-01,8.345401616442039705e-01,8.331892583333916358e-01,9.695797010158233586e-01
7.509239949013879299e+08,9.955492831541145051e+02,5.000000000000000000e-01,5.540716395969791375e-02,8.556788425817168919e-01,8.442279373199420567e-01,1.925401894226665966e-01
