covariance, means, start_prob, link_coef01, link_coef02, link_coef11, link_coef12
6.040626655982848406e+08,1.281628235960038751e+02,5.000000000000000000e-01,7.702878488637872056e-01,4.888869477887838322e-01,1.855367779091099401e-01,1.803811960692178751e-01
6.020098059771388769e+08,8.763478676002782777e+02,5.000000000000000000e-01,6.134133924375542168e-01,6.899620547470378673e-01,7.575911879093364387e-01,1.821028565572937463e-01
