covariance, means, start_prob, link_coef01, link_coef02, link_coef11, link_coef12
3.794628196641841531e+08,1.069158153613051070e+02,5.000000000000000000e-01,7.890900475371204204e-01,6.195625187909147291e-01,7.766369381176148057e-01,2.996737041796060375e-02
3.781732482677484155e+08,8.389656616415143162e+02,5.000000000000000000e-01,4.449944716216990281e-01,8.110150999311939168e-01,5.513035982720726480e-02,7.369137826450135043e-01
