covariance, means, start_prob, link_coef01, link_coef02, link_coef11, link_coef12
9.533918604902505875e+08,9.677712656784848377e+02,5.000000000000000000e-01,8.234387020790545630e-02,9.676580215105761162e-01,9.245701367095168210e-01,8.635202355474420610e-01
9.572620489944821596e+08,1.211880711545514657e+02,5.000000000000000000e-01,8.661490480293614347e-01,5.429397837063197896e-01,3.938678963117032694e-01,2.589354994678926269e-01
