covariance, means, start_prob, link_coef01, link_coef02, link_coef11, link_coef12
9.109977281383897066e+08,1.131986153181140082e+02,5.000000000000000000e-01,7.617384319700705175e-01,7.785032050448942309e-01,3.606156438231589156e-02,8.688738507802395983e-01
9.072789800850051641e+08,8.786405026782717869e+02,5.000000000000000000e-01,6.611611314634132652e-01,9.189058127875626703e-02,4.640975015112266400e-01,8.562078693820646125e-01
