covariance, means, start_prob, link_coef01, link_coef02, link_coef11, link_coef12
9.310716040301584005e+08,1.377710515846497401e+02,5.000000000000000000e-01,2.952012059700792612e-01,2.971044804804648942e-01,6.181621399353427471e-01,2.584692690034854357e-01
9.275073857924709320e+08,1.050296041781177792e+03,5.000000000000000000e-01,6.636587322309529524e-01,1.640321899146163220e-01,2.463331261645032022e-01,9.061658165709955970e-01
