covariance, means, start_prob, link_coef01, link_coef02, link_coef11, link_coef12
2.280871088212995827e+08,5.182412398920921248e+01,5.000000000000000000e-01,7.324838979588375043e-01,8.516426699245662757e-01,7.836692700780707455e-01,8.962832133575808768e-01
2.270273553372511268e+08,5.691389468195943664e+02,5.000000000000000000e-01,8.942029204384727148e-02,1.004193707337884822e-01,3.620493231524596345e-01,2.697013720136722803e-01
