covariance, means, start_prob, link_coef01, link_coef02, link_coef11, link_coef12
1.575211350693395853e+09,1.827964464499142991e+02,5.000000000000000000e-01,5.667939323684995090e-01,4.418338817305754729e-01,1.125674914208992794e-01,4.216178166228961022e-01
1.569790034607248783e+09,1.119853427374857347e+03,5.000000000000000000e-01,5.958822718826861653e-03,3.313657103106697477e-01,4.887674964377031195e-03,9.582574411467299491e-01
