covariance, means, start_prob, link_coef01, link_coef02, link_coef11, link_coef12
9.815874277739020586e+08,1.337384058356648211e+02,5.000000000000000000e-01,8.532289722660107989e-01,9.372871551716576155e-01,6.311517883532734574e-01,2.077165926126286477e-01
9.780366594603911638e+08,9.880032871565856567e+02,5.000000000000000000e-01,8.358620643826261132e-01,2.881886019008305100e-01,6.363012951057791522e-01,8.504911032203683607e-01
