covariance, means, start_prob, link_coef01, link_coef02, link_coef11, link_coef12
5.713173006395369768e+08,8.115201425048452393e+02,5.000000000000000000e-01,8.706220095588212970e-02,6.801730164504027343e-01,9.835364540250568499e-02,7.402281989109578131e-01
5.733033013813844919e+08,1.106743414505124576e+02,5.000000000000000000e-01,8.930374635761804125e-01,7.254149343089237867e-01,4.226889668449633763e-01,2.048962645368774815e-01
