covariance, means, start_prob, link_coef01, link_coef02, link_coef11, link_coef12
3.149385799653320312e+08,7.852669151559557292e+01,5.000000000000000000e-01,9.245537454689642942e-01,3.638742515991814086e-01,4.478232277673439565e-01,7.667517885432942881e-01
3.137409302051796317e+08,7.567499135247597906e+02,5.000000000000000000e-01,1.340930389292553926e-01,2.507517778024140886e-01,5.928344965485817797e-01,3.736863723102055168e-01
