covariance, means, start_prob, link_coef01, link_coef02, link_coef11, link_coef12
1.287424531046836853e+09,1.389770676437132408e+02,5.000000000000000000e-01,2.515098626941525417e-01,3.956867378409771874e-01,2.581149516413998590e-01,6.842870448900878477e-01
1.282338171816290379e+09,1.227790253705146370e+03,5.000000000000000000e-01,9.797083326579517637e-01,6.383623925120096576e-01,1.572645266219613314e-01,2.233087040443740845e-01
