covariance, means, start_prob, link_coef01, link_coef02, link_coef11, link_coef12
7.772432056124410629e+08,1.258144343561291976e+02,5.000000000000000000e-01,6.798818341952356237e-01,5.077221186135828512e-01,7.128126418188357460e-01,4.572084147893409334e-01
7.743151415900322199e+08,9.615067474524691988e+02,5.000000000000000000e-01,6.295760218711418110e-01,4.438491377997038079e-01,4.010964140265987909e-01,5.255168286040245995e-02
