covariance, means, start_prob, link_coef01, link_coef02, link_coef11, link_coef12
6.994769422542619705e+08,1.278145059785815647e+02,5.000000000000000000e-01,2.647821203175926286e-02,5.370966880513639019e-03,4.433886200522647592e-01,6.534600752591089856e-01
6.969122596772021055e+08,9.842014066495935367e+02,5.000000000000000000e-01,8.037449686615849576e-02,1.163428072040634254e-01,3.547237793793657223e-01,9.304920340362946574e-01
