covariance, means, start_prob, link_coef01, link_coef02, link_coef11, link_coef12
4.063857737788553834e+08,1.125904278306146580e+02,5.000000000000000000e-01,8.673681060348548133e-01,7.236011921089715582e-01,9.296796162373961447e-01,4.642464233808478724e-01
4.049802178354036212e+08,8.901961130742180330e+02,5.000000000000000000e-01,9.179137204333795985e-01,3.179130511174607099e-01,6.291183469720130761e-01,8.645636289623435111e-01
