covariance, means, start_prob, link_coef01, link_coef02, link_coef11, link_coef12
1.538179461549407244e+09,1.430856783919588906e+03,5.000000000000000000e-01,4.431091346972952927e-01,4.017137149827626486e-01,4.476053806725361905e-01,9.080452804428388314e-01
1.543420310859145164e+09,1.631858898137048186e+02,5.000000000000000000e-01,7.055475857850193044e-01,5.841489598495627211e-01,3.967485755196124009e-01,7.961424725586963014e-02
