covariance, means, start_prob, link_coef01, link_coef02, link_coef11, link_coef12
1.354310618620542049e+09,2.053977510617222890e+02,5.000000000000000000e-01,1.804143934618244183e-01,4.284082194667973020e-01,8.877359233354883417e-01,5.322042543210828702e-01
1.350736782491104126e+09,1.840282858570787084e+03,5.000000000000000000e-01,3.001592939262199833e-01,2.376566967353277438e-01,5.332115753309730755e-01,3.159345678978850991e-01
