covariance, means, start_prob, link_coef01, link_coef02, link_coef11, link_coef12
1.198227889669790745e+09,9.951002622554531172e+02,5.000000000000000000e-01,7.732053890784349459e-01,1.790961341747165925e-01,5.230793674555712647e-01,4.577161887018352804e-01
1.202783947671970844e+09,1.287432972463002443e+02,5.000000000000000000e-01,7.701221524141170782e-01,4.384172370885046632e-01,8.357172738102378595e-01,7.166219446194652676e-01
