covariance, means, start_prob, link_coef01, link_coef02, link_coef11, link_coef12
1.217877449847016811e+09,1.244213245397015726e+03,5.000000000000000000e-01,2.062626923834337545e-01,2.768815771485531041e-01,2.560361223860943003e-01,2.026881870494006144e-01
1.222793298900738239e+09,1.480047079105488024e+02,5.000000000000000000e-01,9.702959025227079204e-01,2.582770007420119862e-01,3.636164331659327287e-01,1.866636123970821792e-02
