covariance, means, start_prob, link_coef01, link_coef02, link_coef11, link_coef12
2.964554630925980806e+08,1.074913382636056269e+02,5.000000000000000000e-01,6.624090477146558076e-01,9.814332232390486910e-01,4.225141598370393270e-01,9.284343645715278370e-01
2.955960878777690530e+08,9.404335961188709234e+02,5.000000000000000000e-01,6.650541434203631752e-01,8.097346318431150047e-01,5.786092867542628193e-01,6.005954117465570619e-01
