covariance, means, start_prob, link_coef01, link_coef02, link_coef11, link_coef12
3.544952858657804132e+08,8.789155293249583565e+02,5.000000000000000000e-01,4.897771563210950863e-01,7.143996871436079088e-01,7.521669549829566037e-01,2.551352622549030169e-01
3.558526530420176983e+08,7.895914797924578465e+01,5.000000000000000000e-01,4.566482915495586603e-01,6.684759215001889743e-03,7.935867099503431943e-01,7.545459471197141221e-01
