covariance, means, start_prob, link_coef01, link_coef02, link_coef11, link_coef12
2.599231387523989677e+09,1.492394386097239476e+02,5.000000000000000000e-01,2.486429149183158049e-01,2.325171910107630691e-01,4.385885782375175124e-01,5.863579489361124830e-01
2.587763104236501694e+09,1.196505484339905934e+03,5.000000000000000000e-01,1.109301048518733790e-01,8.585194767174888497e-01,5.453413346672876250e-01,9.901283911091696144e-01
