covariance, means, start_prob, link_coef01, link_coef02, link_coef11, link_coef12
2.821322462184194326e+08,6.674073012781127545e+01,5.000000000000000000e-01,9.037029494021951992e-01,1.141662547847954734e-02,3.829683757010159395e-01,7.877495177043497554e-01
2.809819773350898027e+08,8.133297676134346830e+02,5.000000000000000000e-01,7.616437061301989386e-01,7.112384414235130015e-01,3.251183098740364485e-01,1.814102776688728547e-01
