covariance, means, start_prob, link_coef01, link_coef02, link_coef11, link_coef12
2.997259260955066085e+08,9.897057225641441391e+01,5.000000000000000000e-01,2.099146253295632869e-01,3.243390641615417902e-02,9.702541226074868908e-01,1.592850636933555997e-01
2.987867994527882934e+08,8.832322546972702639e+02,5.000000000000000000e-01,2.196047638930447299e-01,7.592185760049353638e-01,5.464041990088551737e-01,2.196492562064130682e-01
