covariance, means, start_prob, link_coef01, link_coef02, link_coef11, link_coef12
1.260181124273554802e+09,1.400014492753546392e+03,5.000000000000000000e-01,2.169290711715690101e-01,5.444658811127579545e-01,7.798476701642123032e-01,7.872891718785781645e-01
1.265172605398734331e+09,1.564630773188585522e+02,5.000000000000000000e-01,7.487549123446329835e-01,4.144079484263154534e-01,9.357167310329395082e-02,6.271345256092870635e-01
