covariance, means, start_prob, link_coef01, link_coef02, link_coef11, link_coef12
1.812730846476321816e+08,4.993263288011611678e+01,5.000000000000000000e-01,3.726454107494568957e-01,7.542087016705100178e-01,7.206425035447054928e-01,3.265237787737793607e-01
1.805478402606256604e+08,7.066070866141910756e+02,5.000000000000000000e-01,2.210230059567002137e-01,8.115990198969044167e-01,3.440323405107446053e-01,8.687925094560404737e-01
