covariance, means, start_prob, link_coef01, link_coef02, link_coef11, link_coef12
8.793998928633536398e+07,3.699973513441544526e+01,5.000000000000000000e-01,4.468375333846242858e-01,3.895284801667031616e-01,5.807692583877978043e-01,7.577650234138566532e-02
8.758927266130501032e+07,3.466097291321134435e+02,5.000000000000000000e-01,4.774614618609461791e-01,7.782774508304787231e-01,4.003237983664389432e-01,2.232071844897453028e-01
