covariance, means, start_prob, link_coef01, link_coef02, link_coef11, link_coef12
3.669460047570884228e+08,5.964355408908481877e+02,5.000000000000000000e-01,2.537302869827449125e-01,9.600680058556521068e-01,9.561358955070248244e-01,7.123437423725428319e-01
3.683173010299181342e+08,8.147585825789454361e+01,5.000000000000000000e-01,8.801704345863730072e-01,3.625198996112458660e-01,5.537137306827544236e-01,3.320819523253648597e-02
