covariance, means, start_prob, link_coef01, link_coef02, link_coef11, link_coef12
1.795696211665005982e+08,6.625906533967990981e+02,5.000000000000000000e-01,4.211843112887749818e-01,7.455331501979944875e-01,1.354455917068547732e-01,3.217450980183411691e-01
1.800716628107829988e+08,6.481772198184042111e+01,5.000000000000000000e-01,9.168196142403681748e-01,6.716832546016626715e-02,2.179306580779781788e-01,3.988823795907507908e-01
