covariance, means, start_prob, link_coef01, link_coef02, link_coef11, link_coef12
1.489564926764586568e+08,4.747889198014384249e+01,5.000000000000000000e-01,2.968628732718031626e-01,7.070789992117036959e-01,5.278740416730706153e-01,9.522541989793422701e-01
1.484301528159298897e+08,7.202991765782070388e+02,5.000000000000000000e-01,4.018691640830850398e-01,2.738145922408837807e-01,7.267220893944958959e-01,7.227763041823376255e-03
