covariance, means, start_prob, link_coef01, link_coef02, link_coef11, link_coef12
1.361721679449438751e+08,4.311004486539768266e+01,5.000000000000000000e-01,8.365000221988260209e-01,9.706547592533676383e-01,3.136495456776380308e-01,6.671446816067928554e-01
1.356633922335807681e+08,5.853735029940042978e+02,5.000000000000000000e-01,6.804989157307705927e-01,2.938601433084159220e-01,1.814160442843776311e-01,7.725552319139133983e-01
