covariance, means, start_prob, link_coef01, link_coef02, link_coef11, link_coef12
1.703542646664628386e+08,5.723737605883373192e+01,5.000000000000000000e-01,8.317904421960500283e-01,3.691390957294686803e-01,3.819127004522062663e-01,6.904386133069677634e-01
1.697244047181406021e+08,4.731062732741341961e+02,5.000000000000000000e-01,3.508233153842562624e-01,8.033805649556763351e-01,7.482653177293517865e-01,2.319624005921883114e-02
