covariance, means, start_prob, link_coef01, link_coef02, link_coef11, link_coef12
1.600569327617105842e+08,4.732408673568404822e+01,5.000000000000000000e-01,5.624299692367029646e-01,5.362526904863025301e-01,5.768726570429957290e-01,7.443255363995093798e-01
1.593830248217364848e+08,5.110796907522981769e+02,5.000000000000000000e-01,7.230293871493524982e-01,3.633248120216143739e-01,5.840593875117825462e-01,6.753538367179314772e-01
