covariance, means, start_prob, link_coef01, link_coef02, link_coef11, link_coef12
6.565298091413693130e+07,4.735047607851439722e+01,5.000000000000000000e-01,3.289773217166499508e-01,6.741180414309283497e-01,7.021882931372865899e-01,5.670289135602918362e-01
6.550103763489246368e+07,4.462901524032737939e+02,5.000000000000000000e-01,5.160615542273604417e-01,5.151329985851845761e-01,7.043362709412288591e-01,5.057137712840008570e-01
