covariance, means, start_prob, link_coef01, link_coef02, link_coef11, link_coef12
3.993582661336420774e+08,7.525657719905393606e+01,5.000000000000000000e-01,3.241628060294183822e-01,7.785793445784371380e-01,3.556210676915827484e-01,2.116034259723468258e-01
3.977041023844238520e+08,7.443336968375242577e+02,5.000000000000000000e-01,6.970475364713699662e-01,9.610606252996476417e-01,1.448651718782965059e-01,8.879242454840545751e-01
