covariance, means, start_prob, link_coef01, link_coef02, link_coef11, link_coef12
1.396181885305926502e+08,5.702150677786954702e+01,5.000000000000000000e-01,2.472472699279563146e-01,8.143059740863668461e-01,3.174210062501029439e-01,3.244913925360743967e-01
1.391806275162508786e+08,6.818703512396421047e+02,5.000000000000000000e-01,4.867487535265256904e-01,3.950540818819318067e-01,6.450213173902253905e-01,7.093534454100469677e-01
