covariance, means, start_prob, link_coef01, link_coef02, link_coef11, link_coef12
6.154455574615139961e+08,9.729931572359200231e+01,5.000000000000000000e-01,8.591333892459622756e-01,7.887143594564052229e-01,8.943117120963822719e-01,4.086997150507197807e-01
6.128844484401193857e+08,8.904825155868286402e+02,5.000000000000000000e-01,5.080799006698152320e-01,3.496716005393838422e-01,9.212590480059779097e-02,7.371480386688891162e-01
