covariance, means, start_prob, link_coef01, link_coef02, link_coef11, link_coef12
1.523352111728278995e+08,5.395767397521678959e+02,5.000000000000000000e-01,1.837754097367444439e-01,7.233908973493641259e-01,4.494514033248773188e-01,9.917945564579067064e-01
1.529606984121022820e+08,4.448179541516594782e+01,5.000000000000000000e-01,3.344301510445460979e-01,1.515854284699121868e-01,4.435655804472597996e-01,4.780081170812524594e-01
