covariance, means, start_prob, link_coef01, link_coef02, link_coef11, link_coef12
6.724381918636533618e+07,4.562256637168281941e+02,5.000000000000000000e-01,6.877354114437923549e-01,2.340246262803973298e-01,2.136950402456495590e-01,4.907114765801873224e-01
6.749356005989672244e+07,3.385078979345458805e+01,5.000000000000000000e-01,5.028399805989238747e-01,2.848992032997570423e-01,6.485795250607994111e-01,8.954707104349182156e-01
