covariance, means, start_prob, link_coef01, link_coef02, link_coef11, link_coef12
2.353342326604737341e+08,4.748488428662756178e+01,5.000000000000000000e-01,6.337738887157462475e-02,9.646068963026593890e-01,8.263316056222058670e-01,1.439889845289017423e-01
2.342577204327948391e+08,5.268575386746904314e+02,5.000000000000000000e-01,8.191076334203803988e-01,3.955463734034092571e-02,7.581685876741907082e-01,5.937870242699607726e-01
