covariance, means, start_prob, link_coef01, link_coef02, link_coef11, link_coef12
9.213333521593812108e+07,4.865064629846989419e+02,5.000000000000000000e-01,1.590830814287695905e-01,3.192764496970542654e-01,5.336169047404071275e-02,8.543509044108283934e-01
9.246385119344168901e+07,3.816341931091675832e+01,5.000000000000000000e-01,7.872069689976954887e-01,9.536892674012953375e-01,3.459975493001333779e-01,4.212745937188707712e-01
