covariance, means, start_prob, link_coef01, link_coef02, link_coef11, link_coef12
2.225155545312360525e+08,6.190971104964779670e+01,5.000000000000000000e-01,9.319523616378990738e-01,6.619689570082317731e-01,6.309712939166867152e-01,1.607804807040396078e-01
2.216307128388869464e+08,6.040905375668332908e+02,5.000000000000000000e-01,7.444874398645620062e-01,9.336835662908011813e-01,9.935508719208583361e-01,5.727311217822202982e-01
