covariance, means, start_prob, link_coef01, link_coef02, link_coef11, link_coef12
1.107906131067738384e+08,4.423804662243553310e+01,5.000000000000000000e-01,1.594275279814816315e-04,1.679813552020535949e-01,7.599427160926537361e-01,1.738655811328926326e-03
1.103954950277536809e+08,5.266128904705522018e+02,5.000000000000000000e-01,3.474576757675289507e-01,4.727142966405981639e-01,7.261452122905607265e-01,6.031876570987049213e-02
