covariance, means, start_prob, link_coef01, link_coef02, link_coef11, link_coef12
2.964524354809757322e+07,2.395038852361377479e+01,5.000000000000000000e-01,1.385517795700992316e-01,9.439582959500374404e-01,8.027617310492349834e-01,6.411839382606008275e-01
2.954499846359530836e+07,3.276386934673399765e+02,5.000000000000000000e-01,3.259246350268295567e-01,4.474480683536234960e-01,7.449622521897569793e-02,7.974255590189511800e-01
