covariance, means, start_prob, link_coef01, link_coef02, link_coef11, link_coef12
3.090563939701809883e+08,7.615698677401010173e+02,5.000000000000000000e-01,9.669649160599582682e-01,9.275440148287725783e-01,2.582693261124728856e-01,9.737152299842047887e-01
3.106422778689740896e+08,4.969360976251834927e+01,5.000000000000000000e-01,5.480165343437739534e-01,1.618377424582894131e-01,3.439994932576809772e-01,9.082720250091339542e-01
