covariance, means, start_prob, link_coef01, link_coef02, link_coef11, link_coef12
9.143871204083665609e+08,1.145514599924101731e+02,5.000000000000000000e-01,6.590164128921420783e-01,2.908984550554782889e-02,5.303036598928713152e-01,7.114231310277839837e-01
9.113191727288980484e+08,7.833929539295397717e+02,5.000000000000000000e-01,6.609090535833762603e-01,1.904323996040586664e-01,8.957728971282435948e-01,2.616194252950897470e-01
