covariance, means, start_prob, link_coef01, link_coef02, link_coef11, link_coef12
2.595786773149254918e+08,3.803340611351771372e+01,5.000000000000000000e-01,9.454563418781425366e-01,3.642934275458187265e-01,4.403184666646491330e-01,5.075370282951285894e-02
2.582036393203547001e+08,5.202664658634344050e+02,5.000000000000000000e-01,3.431786726490537731e-01,3.419977566752163689e-01,3.111631422623264420e-01,7.636128327103781643e-01
