covariance, means, start_prob, link_coef01, link_coef02, link_coef11, link_coef12
4.126725671746450067e+08,9.520354097507802749e+01,5.000000000000000000e-01,2.280962276976038483e-01,2.447587867523448590e-01,8.067732824352115140e-01,1.335256053140534416e-01
4.111350105788147449e+08,7.341799225499036083e+02,5.000000000000000000e-01,2.250936427272083318e-01,4.339649033366851372e-01,3.282504421317761212e-01,1.383612599548915689e-01
