covariance, means, start_prob, link_coef01, link_coef02, link_coef11, link_coef12
5.235704141743407845e+08,5.395767397521678959e+02,5.961662755376241352e-01,1.059772692322338283e-01,3.451343996364042432e-03,6.138235406700756069e-01,8.683358072500244607e-01
4.650243325783716887e+07,4.448179541516594782e+01,4.038337244623758648e-01,7.152685268041931721e-01,9.643950245838979196e-01,1.660910488809453911e-01,5.964573172772459353e-01
