covariance, means, start_prob, link_coef01, link_coef02, link_coef11, link_coef12
5.975905486346635818e+08,6.625906533967990981e+02,5.589443335451929062e-01,7.812448182888142023e-01,4.044210374716661338e-01,7.597363978049461730e-01,1.813909643998435905e-01
5.599310838622101396e+07,6.481772198184042111e+01,4.410556664548070382e-01,2.618576012021434085e-02,3.268331118694822734e-02,3.054360404809886020e-03,7.492126980864833863e-01
