covariance, means, start_prob, link_coef01, link_coef02, link_coef11, link_coef12
2.150449387390914559e+07,4.735047607851439722e+01,4.993104113534527766e-01,3.751619835993025287e-01,2.144420447790278406e-01,8.942191171732399857e-01,5.019915365535784213e-01
2.133490639661317766e+08,4.462901524032737939e+02,5.006895886465472234e-01,4.947689108239424760e-01,4.995995169928098001e-01,3.319686469361157188e-01,4.954449098642008664e-01
