covariance, means, start_prob, link_coef01, link_coef02, link_coef11, link_coef12
1.483613810265209377e+08,9.520354097507802749e+01,4.513324593316641042e-01,2.489569670627378439e-02,1.609486583965403783e-01,7.015076833229484388e-01,3.190877060130703491e-01
1.172190613701078892e+09,7.341799225499036083e+02,5.486675406683357847e-01,7.769841406126063443e-01,6.202789245537685403e-01,5.955733819196610268e-01,1.164133725875512448e-01
