covariance, means, start_prob, link_coef01, link_coef02, link_coef11, link_coef12
3.299844734226634353e+07,4.423804662243553310e+01,4.480547594231312769e-01,8.309378471617501205e-02,9.447478844717936974e-01,1.422856348110013158e-04,1.620754352440617607e-01
3.975651472688884735e+08,5.266128904705522018e+02,5.519452405768686676e-01,5.776964577739118756e-02,3.244108040606311638e-01,2.336601717909655429e-01,9.983517596607764943e-01
