covariance, means, start_prob, link_coef01, link_coef02, link_coef11, link_coef12
2.138917084729399383e+08,9.729931572359200231e+01,4.654669486737986750e-01,2.351067157918759198e-01,6.597303928320736865e-01,7.329955781977918194e-01,6.516783359305577950e-02
1.777345580515260696e+09,8.904825155868286402e+02,5.345330513262014360e-01,3.960262664786804443e-01,9.785039007778214559e-01,5.945135074862449853e-01,3.849200658420582899e-01
