covariance, means, start_prob, link_coef01, link_coef02, link_coef11, link_coef12
2.983504074073909223e+07,3.699973513441544526e+01,4.429907962995424109e-01,3.808106673551961974e-01,8.667513338807601997e-01,4.540353287787438630e-01,8.958690945416791784e-02
2.624778190128272474e+08,3.466097291321134435e+02,5.570092037004574781e-01,8.400596226299094083e-01,6.777579059903459102e-01,1.764932146220984377e-01,3.525121787072660329e-01
