covariance, means, start_prob, link_coef01, link_coef02, link_coef11, link_coef12
8.679619260884341598e+07,3.803340611351771372e+01,4.021814590816932267e-01,5.809037379408288349e-02,5.537789481041165418e-01,3.365820456712664832e-02,6.426467586632661488e-01
7.716461424028941393e+08,5.202664658634344050e+02,5.978185409183067733e-01,9.544460076505600910e-02,6.139645327533382879e-02,7.250635584892517471e-01,5.056645040663071411e-01
