covariance, means, start_prob, link_coef01, link_coef02, link_coef11, link_coef12
3.922123831341112852e+08,1.145514599924101731e+02,4.641228009584505432e-01,8.391843623344333869e-01,7.141781402030608072e-01,8.262458155546983374e-01,2.749007978462129076e-01
2.076214476903105736e+09,7.833929539295397717e+02,5.358771990415492903e-01,6.752025264126577664e-01,9.958610075124346706e-01,9.355800882398985774e-01,7.447287749653463962e-01
