covariance, means, start_prob, link_coef01, link_coef02, link_coef11, link_coef12
7.725862127749668062e+07,4.748488428662756178e+01,4.524207359894270031e-01,4.727852783266606185e-01,4.340283024749567176e-01,2.771795414555842108e-01,6.099622092746039836e-01
7.163706314658026695e+08,5.268575386746904314e+02,5.475792640105729969e-01,6.464839947947352838e-01,2.349434227899429573e-01,4.065484190801967879e-01,3.794184150276680434e-02
