covariance, means, start_prob, link_coef01, link_coef02, link_coef11, link_coef12
3.360835465081455112e+08,4.865064629846989419e+02,5.820710337735157669e-01,3.038703215520769385e-01,1.124322736778118337e-01,8.477838916033895167e-01,8.551618433287764276e-01
2.724693257562347874e+07,3.816341931091675832e+01,4.179289662264841221e-01,6.189001076615231467e-01,7.323061287961817323e-01,7.625838550621111267e-02,5.839626593908811003e-01
