covariance, means, start_prob, link_coef01, link_coef02, link_coef11, link_coef12
2.504700128310265243e+08,4.562256637168281941e+02,5.595405525641760081e-01,5.309137248463732250e-01,4.754358718030798903e-01,6.022933098716234390e-01,2.781533523780799211e-01
1.991419848013354093e+07,3.385078979345458805e+01,4.404594474358239919e-01,9.700389275609955231e-02,4.582030253621545146e-01,7.713327210883179630e-01,2.102546452428014634e-01
