covariance, means, start_prob, link_coef01, link_coef02, link_coef11, link_coef12
1.004686845022793710e+08,1.074913382636056269e+02,4.854691463288154929e-01,9.427653704816228997e-01,3.614821469816531518e-01,4.523699486485224242e-01,7.741027332327289345e-01
9.190441838181797266e+08,9.404335961188709234e+02,5.145308536711844516e-01,4.011614532257674615e-01,1.701726552524036595e-01,5.807935652490147094e-01,9.461054065129447244e-01
