covariance, means, start_prob, link_coef01, link_coef02, link_coef11, link_coef12
3.925862070606914908e+07,4.311004486539768266e+01,4.226417462936576386e-01,4.671320480278632337e-01,9.929971645656578971e-01,6.775601259068125826e-01,6.867367548910916497e-01
5.052898299106355309e+08,5.853735029940042978e+02,5.773582537063423059e-01,7.889223583448208288e-01,6.014557662632820101e-01,8.197732738048790768e-01,2.043810411586800546e-01
