covariance, means, start_prob, link_coef01, link_coef02, link_coef11, link_coef12
7.395656512171036005e+07,6.190971104964779670e+01,4.731191178841414047e-01,3.044572687687773227e-01,3.081150749279423229e-01,1.795993959746783331e-01,9.585137943957757756e-01
7.002173728114964962e+08,6.040905375668332908e+02,5.268808821158585953e-01,6.096035502682011220e-01,6.606274885012476394e-01,2.281680666538681290e-01,7.239936412762655316e-01
