covariance, means, start_prob, link_coef01, link_coef02, link_coef11, link_coef12
4.014011184015356004e+07,5.702150677786954702e+01,4.643580100645156583e-01,9.615805369050186568e-01,2.964298407043942651e-01,3.213985382485055053e-01,4.032431626116693701e-01
5.270501257014865875e+08,6.818703512396421047e+02,5.356419899354843972e-01,8.687632318752174232e-01,6.369575756334825423e-01,7.786747649952865391e-01,9.823102570217050467e-01
