covariance, means, start_prob, link_coef01, link_coef02, link_coef11, link_coef12
4.009205060809972137e+07,4.747889198014384249e+01,4.208743934082403437e-01,6.231384666900798841e-01,5.868227396301087806e-01,3.054802869976579460e-01,3.247802480047694562e-01
6.139552820650974512e+08,7.202991765782070388e+02,5.791256065917597118e-01,7.939767236728408895e-01,4.224236961152429970e-01,4.975214181474213460e-01,5.301939888160501768e-01
