covariance, means, start_prob, link_coef01, link_coef02, link_coef11, link_coef12
8.767750118591349572e+06,2.395038852361377479e+01,4.842459725109740654e-01,6.576585326997410608e-01,8.901403729453917224e-01,4.060157089591430735e-01,6.463419270695406338e-01
1.136402032308427691e+08,3.276386934673399765e+02,5.157540274890259901e-01,6.763903747610839901e-01,3.222103831899560955e-01,3.176893280808914533e-01,9.464121688833441182e-01
