covariance, means, start_prob, link_coef01, link_coef02, link_coef11, link_coef12
5.996554328892812133e+07,5.723737605883373192e+01,4.777709432069831563e-01,5.602032162029110252e-01,7.276095822643867672e-01,3.077845214304449906e-01,7.672873293003891204e-01
4.890743027986703515e+08,4.731062732741341961e+02,5.222290567930168992e-01,9.899792923323486038e-01,7.838060875786230230e-01,5.604367136341544819e-01,5.610826838976523678e-01
