covariance, means, start_prob, link_coef01, link_coef02, link_coef11, link_coef12
1.098085924984762669e+09,7.615698677401010173e+02,6.082351825793538280e-01,9.393656678467525722e-01,1.326345676765329218e-01,1.682869171780280171e-01,4.457499489625625921e-01
9.260124688604481518e+07,4.969360976251834927e+01,3.917648174206461720e-01,3.607733524569064487e-01,9.923091608515199891e-02,8.050209242840292712e-01,9.330562630080877495e-01
