covariance, means, start_prob, link_coef01, link_coef02, link_coef11, link_coef12
9.667012500299125910e+08,5.964355408908481877e+02,5.677438346347949416e-01,1.943825717549001464e-01,6.322795007877465290e-01,7.781439108497398838e-01,1.802695155869724619e-01
1.391283611225711703e+08,8.147585825789454361e+01,4.322561653652050029e-01,1.855314549435774785e-01,1.843052993233570414e-01,6.701340551717425154e-01,1.592250718650728425e-01
