covariance, means, start_prob, link_coef01, link_coef02, link_coef11, link_coef12
5.239746854355295748e+07,4.732408673568404822e+01,4.489254713376181205e-01,3.664031866622552425e-02,1.399311563092064947e-02,2.689052605141766250e-01,7.222696339191736481e-01
5.061910973154578805e+08,5.110796907522981769e+02,5.510745286623819350e-01,9.801491383200074958e-01,9.704064568675858649e-01,7.977473484897081857e-01,4.908701792446645840e-02
