covariance, means, start_prob, link_coef01, link_coef02, link_coef11, link_coef12
1.309712200579867065e+08,7.525657719905393606e+01,4.586586123237536561e-01,7.761237519486836600e-01,7.083263373369320659e-01,7.321560603617944807e-01,7.110866421213943855e-01
1.235873236535487890e+09,7.443336968375242577e+02,5.413413876762463994e-01,5.905350623608873750e-01,2.919317468190663067e-02,3.999137380076580595e-01,7.637047167450251584e-01
