covariance, means, start_prob, link_coef01, link_coef02, link_coef11, link_coef12
1.421339078541152776e+04,9.187220203889866355e+01,9.999999999871891365e-01,0.000000000000000000e+00,0.000000000000000000e+00,-1.285938725953349682e+00,1.003875650158881153e-02
5.880176629068611655e+05,1.108069031237417448e+03,1.281086042144013175e-11,-2.240438253699498894e+00,2.588631358468543864e-01,0.000000000000000000e+00,0.000000000000000000e+00
