covariance, means, start_prob, link_coef01, link_coef02, link_coef11, link_coef12
9.144640675317650675e+03,6.425703583828493493e+01,9.999999999997650768e-01,0.000000000000000000e+00,0.000000000000000000e+00,-1.217839552435623141e+00,-4.476737945517491601e-01
3.526577776089982945e+05,9.990464179203343065e+02,2.348501007219774771e-13,-2.208271050023958626e+00,4.081193880169618482e-01,0.000000000000000000e+00,0.000000000000000000e+00
