covariance, means, start_prob, link_coef01, link_coef02, link_coef11, link_coef12
8.791132490115849578e+03,7.870929029462486426e+01,1.450031490497370773e-152,0.000000000000000000e+00,0.000000000000000000e+00,-9.220699309462950799e-01,-1.089840620170124119e-01
1.892070743168308691e+05,7.597101757217246814e+02,1.000000000000000000e+00,-1.934722378140863119e+00,3.549713236799335592e-01,0.000000000000000000e+00,0.000000000000000000e+00
