covariance, means, start_prob, link_coef01, link_coef02, link_coef11, link_coef12
6.627172611422469345e+03,6.414837378841998827e+01,9.999999999882766000e-01,0.000000000000000000e+00,0.000000000000000000e+00,-9.471746677867697306e-01,-2.279630816558520512e-01
1.426809959335224412e+05,6.311836700689955251e+02,1.172338280940917995e-11,-1.939501356523301689e+00,4.887040739266118039e-01,0.000000000000000000e+00,0.000000000000000000e+00
