covariance, means, start_prob, link_coef01, link_coef02, link_coef11, link_coef12
7.380330263572438525e+03,5.622092503472321567e+01,9.878145835741418690e-01,0.000000000000000000e+00,0.000000000000000000e+00,-1.539165384572699136e+00,-1.036542262057676966e-01
1.744280739040437911e+05,7.635673534320926592e+02,1.218541642585825591e-02,-2.210465273771344386e+00,7.509452043413090694e-01,0.000000000000000000e+00,0.000000000000000000e+00
