covariance, means, start_prob, link_coef01, link_coef02, link_coef11, link_coef12
7.041012193053024930e+02,1.591599596488921264e+01,9.999999999999902300e-01,0.000000000000000000e+00,0.000000000000000000e+00,-1.155345730371136970e+00,-2.237957243262887197e-01
1.092125274329759704e+05,4.661081909681346360e+02,9.754922587687506207e-15,-2.377992536637097309e+00,3.796043938164300191e-01,0.000000000000000000e+00,0.000000000000000000e+00
