covariance, means, start_prob, link_coef01, link_coef02, link_coef11, link_coef12
9.385448027477095820e+03,7.429672561413008225e+01,9.999999999908149029e-01,0.000000000000000000e+00,0.000000000000000000e+00,-1.379285141651391378e+00,-4.760575495746251912e-02
1.849194421762249549e+05,8.052676006270620519e+02,9.185106840011749297e-12,-2.240210558696234422e+00,4.666816349064606406e-01,0.000000000000000000e+00,0.000000000000000000e+00
