covariance, means, start_prob, link_coef01, link_coef02, link_coef11, link_coef12
2.739561517746900790e+03,3.165881054371832803e+01,9.999999999997306599e-01,0.000000000000000000e+00,0.000000000000000000e+00,-1.054080336578440136e+00,-1.280734763623571915e-01
1.630695515528685064e+05,6.012155637616726835e+02,2.693616777087787451e-13,-2.235266375257814353e+00,5.674283808808663343e-01,0.000000000000000000e+00,0.000000000000000000e+00
