covariance, means, start_prob, link_coef01, link_coef02, link_coef11, link_coef12
1.217437428722270852e+04,7.434614057708748192e+01,9.999999999999054090e-01,0.000000000000000000e+00,0.000000000000000000e+00,-1.552341526430004448e+00,2.674081416965321673e-02
2.416453014748622663e+05,9.801147163709471215e+02,9.452518164890247073e-14,-2.163578018280662985e+00,6.804466129048788448e-01,0.000000000000000000e+00,0.000000000000000000e+00
