covariance, means, start_prob, link_coef01, link_coef02, link_coef11, link_coef12
1.317244232249082415e+04,8.993459712278816198e+01,9.999999999998598899e-01,0.000000000000000000e+00,0.000000000000000000e+00,-1.206769589107062224e+00,-2.839890534209921560e-02
2.611309001064907643e+05,9.869693653498055710e+02,1.400886272507801065e-13,-2.214478267985517501e+00,3.077740676820156507e-01,0.000000000000000000e+00,0.000000000000000000e+00
