covariance, means, start_prob, link_coef01, link_coef02, link_coef11, link_coef12
4.587751022931146508e+03,4.932007856044237570e+01,9.999999999994759747e-01,0.000000000000000000e+00,0.000000000000000000e+00,-9.148083418481173235e-01,-1.422641123069567082e-01
9.600927411765283614e+04,5.514638860734903574e+02,5.239969918320997286e-13,-2.045151056581565818e+00,3.604233833370389384e-01,0.000000000000000000e+00,0.000000000000000000e+00
