covariance, means, start_prob, link_coef01, link_coef02, link_coef11, link_coef12
1.803952801807680589e+04,1.043261511009916234e+02,9.999999999869570999e-01,0.000000000000000000e+00,0.000000000000000000e+00,-1.195473087340105600e+00,-9.960515382510093385e-02
2.391470361023501318e+05,9.107895882482335992e+02,1.304292186965629550e-11,-1.796900005671480338e+00,4.988794957668016283e-01,0.000000000000000000e+00,0.000000000000000000e+00
