covariance, means, start_prob, link_coef01, link_coef02, link_coef11, link_coef12
1.032790588037958332e+04,6.936833404987037000e+01,9.999999999986908250e-01,0.000000000000000000e+00,0.000000000000000000e+00,-1.454095967188934413e+00,-1.035433412583607465e-01
3.240271426462978125e+05,9.598567358492385893e+02,1.309149160546944433e-12,-2.245475119469916070e+00,2.551447933335875273e-01,0.000000000000000000e+00,0.000000000000000000e+00
