covariance, means, start_prob, link_coef01, link_coef02, link_coef11, link_coef12
5.313990204870940033e+03,5.006933538706866216e+01,4.450150269591356664e-211,0.000000000000000000e+00,0.000000000000000000e+00,-1.365184950760311544e+00,-2.079216214834373189e-01
1.558394014382302703e+05,6.404221584857114067e+02,1.000000000000000000e+00,-2.394894696998203010e+00,2.879626233901180221e-01,0.000000000000000000e+00,0.000000000000000000e+00
