covariance, means, start_prob, link_coef01, link_coef02, link_coef11, link_coef12
8.700556626009749380e+03,6.111945075539399852e+01,9.999999999983715249e-01,0.000000000000000000e+00,0.000000000000000000e+00,-1.315817891608409340e+00,2.501333179237365950e-02
1.776345171764189145e+05,7.426323422465867452e+02,1.628569790825446882e-12,-2.137043768791657694e+00,9.468827940769264373e-01,0.000000000000000000e+00,0.000000000000000000e+00
