covariance, means, start_prob, link_coef01, link_coef02, link_coef11, link_coef12
2.838742824589864085e+03,3.439513259424200697e+01,9.999999999994593214e-01,0.000000000000000000e+00,0.000000000000000000e+00,-7.628468865762505491e-01,-5.690983585022670876e-01
1.133317192348321987e+05,5.335166381494484540e+02,5.406469668418036724e-13,-2.086455393292023341e+00,6.388121823326804449e-01,0.000000000000000000e+00,0.000000000000000000e+00
