covariance, means, start_prob, link_coef01, link_coef02, link_coef11, link_coef12
9.059902224303868934e+03,6.885266167485397659e+01,9.999999999948832041e-01,0.000000000000000000e+00,0.000000000000000000e+00,-1.109187110551059341e+00,-1.621284725142019267e-01
1.364482330539418617e+05,6.601572759772933523e+02,5.116758633686034300e-12,-2.035798078040983672e+00,6.274696386058103981e-01,0.000000000000000000e+00,0.000000000000000000e+00
