covariance, means, start_prob, link_coef01, link_coef02, link_coef11, link_coef12
1.083900292603253729e+04,6.851661812716572797e+01,9.967551784402839399e-01,0.000000000000000000e+00,0.000000000000000000e+00,-1.429058277367006413e+00,-8.220319034374001799e-02
1.988163282248194446e+05,8.201735037136644451e+02,3.244821559716190660e-03,-1.963140538703109339e+00,4.550669579225213313e-01,0.000000000000000000e+00,0.000000000000000000e+00
