covariance, means, start_prob, link_coef01, link_coef02, link_coef11, link_coef12
4.375562707221371966e+03,4.846605638356730594e+01,2.164938424625768130e-28,0.000000000000000000e+00,0.000000000000000000e+00,-9.548929382330667570e-01,-1.261244970545107869e-01
1.487098057758940849e+05,6.219558692833418263e+02,1.000000000000000000e+00,-2.116769599291784765e+00,5.319471461343723284e-01,0.000000000000000000e+00,0.000000000000000000e+00
