covariance, means, start_prob, link_coef01, link_coef02, link_coef11, link_coef12
4.482478293667482831e+03,4.347692643839747006e+01,9.999999999999209521e-01,0.000000000000000000e+00,0.000000000000000000e+00,-6.657939287885786817e-01,-2.953116988756485650e-01
2.476810276379479328e+05,7.301905930748952187e+02,7.902557818334243804e-14,-2.211887325623222988e+00,1.758439799197906162e-01,0.000000000000000000e+00,0.000000000000000000e+00
