covariance, means, start_prob, link_coef01, link_coef02, link_coef11, link_coef12
9.526498219618173607e+03,7.445036373657320894e+01,9.999999999980624388e-01,0.000000000000000000e+00,0.000000000000000000e+00,-1.004616067907244004e+00,-2.633496407314527346e-02
1.860903568821138761e+05,7.630456944068690746e+02,1.937562254317834090e-12,-2.078574117622929318e+00,6.709838627857446225e-01,0.000000000000000000e+00,0.000000000000000000e+00
