covariance, means, start_prob, link_coef01, link_coef02, link_coef11, link_coef12
9.397522446890727224e+03,5.910849806752850810e+01,9.999999999812392293e-01,0.000000000000000000e+00,0.000000000000000000e+00,-1.494355199730194705e+00,-1.921221779273266927e-01
2.348146079322887817e+05,8.086362737454375065e+02,1.876087871765232668e-11,-2.071348500483951138e+00,1.007242462981998932e+00,0.000000000000000000e+00,0.000000000000000000e+00
