covariance, means, start_prob, link_coef01, link_coef02, link_coef11, link_coef12
4.269017848640855846e+03,4.151662042335247094e+01,9.999999999992592592e-01,0.000000000000000000e+00,0.000000000000000000e+00,-1.317244564952204655e+00,1.051506526288268628e-01
1.317997717929983046e+05,6.069072346827226738e+02,7.407513603215112369e-13,-2.212648764949284086e+00,6.502981698730321281e-01,0.000000000000000000e+00,0.000000000000000000e+00
