covariance, means, start_prob, link_coef01, link_coef02, link_coef11, link_coef12
1.117107092061155527e+03,1.779428967317852894e+01,9.999999999999762412e-01,0.000000000000000000e+00,0.000000000000000000e+00,-1.173842630975816537e+00,-4.947668754290866500e-01
5.926809739315330080e+04,4.158902998018020867e+02,2.380745900392827320e-14,-2.153893770931428087e+00,5.536318100168593492e-01,0.000000000000000000e+00,0.000000000000000000e+00
