covariance, means, start_prob, link_coef01, link_coef02, link_coef11, link_coef12
9.179168244153828709e+03,7.564248032848277603e+01,9.999999999984214849e-01,0.000000000000000000e+00,0.000000000000000000e+00,-1.001463315620232608e+00,-2.561045601785574277e-01
1.622298058043082128e+05,7.556239229559175783e+02,1.578471745205741382e-12,-2.014950521463408695e+00,2.718485359003270929e-01,0.000000000000000000e+00,0.000000000000000000e+00
