covariance, means, start_prob, link_coef01, link_coef02, link_coef11, link_coef12
6.722352354964122242e+03,6.309193871734318293e+01,9.999999999987920773e-01,0.000000000000000000e+00,0.000000000000000000e+00,-1.320428948477393671e+00,1.122461779663525561e-01
1.300454562652055902e+05,6.455282823215336521e+02,1.207898389474593628e-12,-2.312822327609326489e+00,6.259223191702812938e-01,0.000000000000000000e+00,0.000000000000000000e+00
