covariance, means, start_prob, link_coef01, link_coef02, link_coef11, link_coef12
8.065221530807056297e+03,6.207763599044719882e+01,3.084291865583674037e-03,0.000000000000000000e+00,0.000000000000000000e+00,-1.311090765269483649e+00,-2.537956647592915504e-01
1.367224937585406587e+05,7.273595627150623386e+02,9.969157081344162119e-01,-2.021050600442278355e+00,8.444703988443997833e-01,0.000000000000000000e+00,0.000000000000000000e+00
