covariance, means, start_prob, link_coef01, link_coef02, link_coef11, link_coef12
2.345674565269697268e+03,2.524559336149035360e+01,9.999999999999413802e-01,0.000000000000000000e+00,0.000000000000000000e+00,-1.460307071371973686e+00,-4.558714304452499144e-01
2.173935047948297870e+05,7.308474160687533185e+02,5.857480152150999661e-14,-2.371538226475680133e+00,6.001273708727031808e-01,0.000000000000000000e+00,0.000000000000000000e+00
