covariance, means, start_prob, link_coef01, link_coef02, link_coef11, link_coef12
8.172510441389214066e+03,7.097650623415412952e+01,9.999999999994737543e-01,0.000000000000000000e+00,0.000000000000000000e+00,-9.173581767537760667e-01,-6.890550305690511246e-02
1.911469200722993992e+05,7.608026025654505702e+02,5.261458660927263805e-13,-2.196975886509243470e+00,5.590810688823784069e-01,0.000000000000000000e+00,0.000000000000000000e+00
