covariance, means, start_prob, link_coef01, link_coef02, link_coef11, link_coef12
2.072450491384040106e+03,2.838891529457137963e+01,9.999999999999513722e-01,0.000000000000000000e+00,0.000000000000000000e+00,-1.138183650086397547e+00,-5.875958521270894380e-02
1.310229615334699629e+05,5.555771189440351918e+02,4.859571257031986385e-14,-2.354480533807505438e+00,-1.556154881593703118e-02,0.000000000000000000e+00,0.000000000000000000e+00
