covariance, means, start_prob, link_coef01, link_coef02, link_coef11, link_coef12
7.839703198412443271e+03,6.313395036173906760e+01,9.999999999994573230e-01,0.000000000000000000e+00,0.000000000000000000e+00,-1.341124213553538169e+00,-3.140800499781514210e-01
1.403163249242572056e+05,6.902580378497307265e+02,5.427714445564796341e-13,-2.212814483629442108e+00,-3.390575109617072203e-01,0.000000000000000000e+00,0.000000000000000000e+00
