covariance, means, start_prob, link_coef01, link_coef02, link_coef11, link_coef12
2.381962338953090148e+04,1.219131120367259768e+02,9.999999999899356062e-01,0.000000000000000000e+00,0.000000000000000000e+00,-1.134493325086288751e+00,-6.993691022883170849e-02
7.915418798177920980e+05,1.252235794994706339e+03,1.006436526557536659e-11,-2.565419594966198868e+00,7.026136284455736236e-02,0.000000000000000000e+00,0.000000000000000000e+00
