covariance, means, start_prob, link_coef01, link_coef02, link_coef11, link_coef12
6.210482985077318549e+07,5.182412398920921248e+01,2.101054515172501858e-01,0.000000000000000000e+00,0.000000000000000000e+00,-7.263232471729801354e+00,-6.401476548432881719e-01
3.930367560101721883e+08,5.691389468195943664e+02,7.898945484827497587e-01,-1.505161981744184141e+00,9.474448767556728490e-02,0.000000000000000000e+00,0.000000000000000000e+00
