covariance, means, start_prob, link_coef01, link_coef02, link_coef11, link_coef12
4.538015017271350026e+08,9.897057225641441391e+01,7.527918406644926730e-01,0.000000000000000000e+00,0.000000000000000000e+00,-2.906479132396242004e+00,-1.345319839689788216e-02
1.447195887996423841e+08,8.832322546972702639e+02,2.472081593355072993e-01,-6.793923091566137273e+00,-1.530144448369475108e-01,0.000000000000000000e+00,0.000000000000000000e+00
