covariance, means, start_prob, link_coef01, link_coef02, link_coef11, link_coef12
1.175738753260435343e+09,1.284355321363444773e+02,8.308391330393705143e-01,0.000000000000000000e+00,0.000000000000000000e+00,-1.887216791008946348e+00,-2.175788835867848992e-01
3.288338354887078404e+08,9.955492831541145051e+02,1.691608669606294857e-01,-5.970202263334026149e+00,-4.601428701961936540e-01,0.000000000000000000e+00,0.000000000000000000e+00
