covariance, means, start_prob, link_coef01, link_coef02, link_coef11, link_coef12
2.782258629423196912e+08,8.115201425048452393e+02,2.311245840972548093e-01,0.000000000000000000e+00,0.000000000000000000e+00,-5.348675025997883914e+00,-3.526492687891126798e-01
8.663957820293903351e+08,1.106743414505124576e+02,7.688754159027452184e-01,-1.800495106312331339e+00,-1.331951126971915589e-01,0.000000000000000000e+00,0.000000000000000000e+00
