covariance, means, start_prob, link_coef01, link_coef02, link_coef11, link_coef12
9.886571453042725325e+08,1.377710515846497401e+02,5.307482168938953970e-01,0.000000000000000000e+00,0.000000000000000000e+00,-4.042592942162983150e+00,8.503977757903426193e-02
8.699429060649278164e+08,1.050296041781177792e+03,4.692517831061047140e-01,-4.657270351292524424e+00,-7.651913573571357541e-02,0.000000000000000000e+00,0.000000000000000000e+00
