covariance, means, start_prob, link_coef01, link_coef02, link_coef11, link_coef12
9.380550660468825102e+08,1.430856783919588906e+03,3.422080730248483471e-01,0.000000000000000000e+00,0.000000000000000000e+00,-4.222037569502565368e+00,-8.100457652256893848e-01
2.143573272331771374e+09,1.631858898137048186e+02,6.577919269751516529e-01,-2.300393922521349221e+00,1.652777946353594096e-01,0.000000000000000000e+00,0.000000000000000000e+00
