covariance, means, start_prob, link_coef01, link_coef02, link_coef11, link_coef12
1.226063683242414147e+08,8.962701720634325397e+01,2.383869216858648665e-01,0.000000000000000000e+00,0.000000000000000000e+00,-7.156839174613339516e+00,-2.484240280602433293e-01
6.872819058342945576e+08,1.024269070735070272e+03,7.616130783141350502e-01,-1.652125530955784960e+00,1.449215348937418490e-01,0.000000000000000000e+00,0.000000000000000000e+00
