covariance, means, start_prob, link_coef01, link_coef02, link_coef11, link_coef12
6.355660945090115070e+08,1.454752824858080942e+02,2.138457614886487557e-01,0.000000000000000000e+00,0.000000000000000000e+00,-4.748516829966274777e+00,-3.298631815758132357e-01
1.807646557758203268e+09,1.031335745613963581e+03,7.861542385113512443e-01,-1.750542372368666166e+00,-2.460266646296883075e-01,0.000000000000000000e+00,0.000000000000000000e+00
