covariance, means, start_prob, link_coef01, link_coef02, link_coef11, link_coef12
3.363586736845427752e+07,9.224618423416360713e+01,5.917859307774795546e-02,0.000000000000000000e+00,0.000000000000000000e+00,-1.039096308977697269e+01,-1.062928074037422510e+00
7.411156866485805511e+08,1.126357675111783237e+03,9.408214069222521347e-01,-1.268259566343920897e+00,-1.204256634665788360e-03,0.000000000000000000e+00,0.000000000000000000e+00
