covariance, means, start_prob, link_coef01, link_coef02, link_coef11, link_coef12
3.228532053106772900e+08,9.259024930029207212e+01,4.203337408782657492e-01,0.000000000000000000e+00,0.000000000000000000e+00,-6.292789361634006262e+00,1.342748379438659212e+00
6.179142485037543774e+08,8.262812034554926868e+02,5.796662591217343063e-01,-3.711393367999685555e+00,-1.869152829753052414e-01,0.000000000000000000e+00,0.000000000000000000e+00
