covariance, means, start_prob, link_coef01, link_coef02, link_coef11, link_coef12
7.815514979918464422e+08,1.278145059785815647e+02,5.471002699123930224e-01,0.000000000000000000e+00,0.000000000000000000e+00,-3.628236524932880513e+00,4.096032918375981657e-02
6.148542169334571362e+08,9.842014066495935367e+02,4.528997300876070331e-01,-5.098728567212524432e+00,5.359890277559122840e-01,0.000000000000000000e+00,0.000000000000000000e+00
