covariance, means, start_prob, link_coef01, link_coef02, link_coef11, link_coef12
4.820958275895448029e+07,6.674073012781127545e+01,6.529379088017718546e-02,0.000000000000000000e+00,0.000000000000000000e+00,-9.212841284367099703e+00,-9.049283403629639899e-01
5.150812011323876381e+08,8.133297676134346830e+02,9.347062091198228284e-01,-1.231037054565167654e+00,-5.127284625865956291e-02,0.000000000000000000e+00,0.000000000000000000e+00
