covariance, means, start_prob, link_coef01, link_coef02, link_coef11, link_coef12
9.032617010777020454e+08,1.201368016627419593e+02,6.602392215833282618e-01,0.000000000000000000e+00,0.000000000000000000e+00,-3.460641325114658162e+00,2.155036016941518917e-01
3.349365170343058109e+08,1.022549419627113139e+03,3.397607784166716827e-01,-6.780397368305652428e+00,8.863384896918027889e-02,0.000000000000000000e+00,0.000000000000000000e+00
