covariance, means, start_prob, link_coef01, link_coef02, link_coef11, link_coef12
2.045623115485673904e+09,1.244213245397015726e+03,9.056754307879069099e-01,0.000000000000000000e+00,0.000000000000000000e+00,-2.247739344572226017e+00,-1.578041497888315603e-01
3.960769114750015736e+08,1.480047079105488024e+02,9.432456921209317335e-02,-6.316623841017935170e+00,-4.364113777061844890e-01,0.000000000000000000e+00,0.000000000000000000e+00
