covariance, means, start_prob, link_coef01, link_coef02, link_coef11, link_coef12
4.715614748917171359e+08,1.069158153613051070e+02,6.221362039636643138e-01,0.000000000000000000e+00,0.000000000000000000e+00,-3.571241483078853030e+00,1.288620906226944571e-02
2.860893447843124866e+08,8.389656616415143162e+02,3.778637960363356307e-01,-5.288115196321600209e+00,-4.474479528712117099e-02,0.000000000000000000e+00,0.000000000000000000e+00
