covariance, means, start_prob, link_coef01, link_coef02, link_coef11, link_coef12
4.548270622665992379e+08,8.890291821326080424e+01,6.461821748172201785e-01,0.000000000000000000e+00,0.000000000000000000e+00,-3.657048776233868814e+00,-2.754848743113504778e-02
2.653449366638944745e+08,7.377640594699689700e+02,3.538178251827798770e-01,-5.461540040052641487e+00,-3.488411203488032686e-01,0.000000000000000000e+00,0.000000000000000000e+00
