covariance, means, start_prob, link_coef01, link_coef02, link_coef11, link_coef12
3.745935700983201265e+08,1.131986153181140082e+02,3.084680688831439310e-01,0.000000000000000000e+00,0.000000000000000000e+00,-5.611581424793381068e+00,-3.544562658367013674e-01
1.443780874757146120e+09,8.786405026782717869e+02,6.915319311168560690e-01,-1.491283477278834591e+00,1.881359958362524010e-01,0.000000000000000000e+00,0.000000000000000000e+00
