covariance, means, start_prob, link_coef01, link_coef02, link_coef11, link_coef12
3.277893920699184015e+07,4.993263288011611678e+01,9.759473082415316691e-02,0.000000000000000000e+00,0.000000000000000000e+00,-1.002406793008901253e+01,-3.101987069126005414e-02
3.290474931138186455e+08,7.066070866141910756e+02,9.024052691758469580e-01,-1.043357199247035405e+00,-3.488790927696425875e-02,0.000000000000000000e+00,0.000000000000000000e+00
