covariance, means, start_prob, link_coef01, link_coef02, link_coef11, link_coef12
9.307565086794826984e+08,1.281628235960038751e+02,7.400939066907668007e-01,0.000000000000000000e+00,0.000000000000000000e+00,-1.970619641334042660e+00,2.117297730748557080e-02
2.753172411860575080e+08,8.763478676002782777e+02,2.599060933092332548e-01,-5.895013438222933999e+00,-2.777223291266626148e-01,0.000000000000000000e+00,0.000000000000000000e+00
