covariance, means, start_prob, link_coef01, link_coef02, link_coef11, link_coef12
1.779371886970526576e+08,7.852669151559557292e+01,2.864250958986208628e-01,0.000000000000000000e+00,0.000000000000000000e+00,-4.189029587242689701e+00,-1.224680181701820691e+00
4.507921329891787767e+08,7.567499135247597906e+02,7.135749041013790261e-01,-4.859445264341849757e+00,6.398155314261783078e-01,0.000000000000000000e+00,0.000000000000000000e+00
