covariance, means, start_prob, link_coef01, link_coef02, link_coef11, link_coef12
8.995403685834598541e+08,1.258144343561291976e+02,6.538578181184360183e-01,0.000000000000000000e+00,0.000000000000000000e+00,-3.230676304355399431e+00,-4.004358705167020416e-01
6.526214104203104973e+08,9.615067474524691988e+02,3.461421818815638707e-01,-3.914592598652133493e+00,-1.115175627818379089e+00,0.000000000000000000e+00,0.000000000000000000e+00
