covariance, means, start_prob, link_coef01, link_coef02, link_coef11, link_coef12
1.716815944656692028e+09,1.827964464499142991e+02,5.416119959790137717e-01,0.000000000000000000e+00,0.000000000000000000e+00,-3.113607466260507994e+00,8.479831275702830184e-02
1.428191965205496073e+09,1.119853427374857347e+03,4.583880040209861728e-01,-3.451416244342974338e+00,-1.571457448328307249e-01,0.000000000000000000e+00,0.000000000000000000e+00
