covariance, means, start_prob, link_coef01, link_coef02, link_coef11, link_coef12
1.498674138895071745e+09,9.677712656784848377e+02,7.177743221511628802e-01,0.000000000000000000e+00,0.000000000000000000e+00,-2.010218095664662918e+00,1.485669556412232972e-01
4.120183229457767010e+08,1.211880711545514657e+02,2.822256778488371198e-01,-5.496067945541346589e+00,-2.743323409114299949e-01,0.000000000000000000e+00,0.000000000000000000e+00
