covariance, means, start_prob, link_coef01, link_coef02, link_coef11, link_coef12
2.074169020196317911e+09,1.400014492753546392e+03,7.994881586580824262e-01,0.000000000000000000e+00,0.000000000000000000e+00,-3.284718280217486353e+00,9.439818640614212886e-02
4.512283864953878522e+08,1.564630773188585522e+02,2.005118413419174905e-01,-6.010566622115766755e+00,-2.536327015257824891e-01,0.000000000000000000e+00,0.000000000000000000e+00
