covariance, means, start_prob, link_coef01, link_coef02, link_coef11, link_coef12
2.241525642501603127e+09,2.053977510617222890e+02,6.501958087430745881e-01,0.000000000000000000e+00,0.000000000000000000e+00,-1.693419875449205581e+00,2.929720838986761278e-01
4.674461491578058004e+08,1.840282858570787084e+03,3.498041912569253564e-01,-8.307628836782489756e+00,-4.368691231844652467e-01,0.000000000000000000e+00,0.000000000000000000e+00
