covariance, means, start_prob, link_coef01, link_coef02, link_coef11, link_coef12
1.850382457116370201e+09,9.951002622554531172e+02,6.203960589756800648e-01,0.000000000000000000e+00,0.000000000000000000e+00,-1.580177067600487151e+00,4.345743113614790598e-01
5.507793033553568125e+08,1.287432972463002443e+02,3.796039410243199907e-01,-4.508438779441913624e+00,-4.760872727876547250e-01,0.000000000000000000e+00,0.000000000000000000e+00
