covariance, means, start_prob, link_coef01, link_coef02, link_coef11, link_coef12
1.930200674366234243e+08,1.125904278306146580e+02,1.358996467200653258e-01,0.000000000000000000e+00,0.000000000000000000e+00,-5.329003343958792271e+00,-3.578318410584537812e-01
6.188641950189002752e+08,8.901961130742180330e+02,8.641003532799347298e-01,-2.534442858691203337e+00,-3.660862582000545262e-01,0.000000000000000000e+00,0.000000000000000000e+00
