covariance, means, start_prob, link_coef01, link_coef02, link_coef11, link_coef12
5.772010338174936771e+08,1.389770676437132408e+02,1.209585500970986605e-01,0.000000000000000000e+00,0.000000000000000000e+00,-5.421225202461230630e+00,-3.464786160205094445e-01
1.996947471739934206e+09,1.227790253705146370e+03,8.790414499029013395e-01,-1.729376516990393631e+00,-3.037933479440989570e-01,0.000000000000000000e+00,0.000000000000000000e+00
