covariance, means, start_prob, link_coef01, link_coef02, link_coef11, link_coef12
6.512723722542642355e+08,8.789155293249583565e+02,8.956256256439439900e-01,0.000000000000000000e+00,0.000000000000000000e+00,-2.460550462411085437e+00,-2.835965960607540054e-02
5.908023639421605319e+07,7.895914797924578465e+01,1.043743743560560655e-01,-8.713856699727360322e+00,8.419290106935325424e-01,0.000000000000000000e+00,0.000000000000000000e+00
