covariance, means, start_prob, link_coef01, link_coef02, link_coef11, link_coef12
4.456218553541703820e+08,1.074913382636056269e+02,6.600613246839226456e-01,0.000000000000000000e+00,0.000000000000000000e+00,-3.366291548859866367e+00,2.457530279172182863e-01
1.465220688674635291e+08,9.404335961188709234e+02,3.399386753160773544e-01,-7.232246939559335175e+00,2.153461367314328523e-01,0.000000000000000000e+00,0.000000000000000000e+00
