covariance, means, start_prob, link_coef01, link_coef02, link_coef11, link_coef12
1.039243656945438981e+09,1.492394386097239476e+02,2.227368414823753806e-01,0.000000000000000000e+00,0.000000000000000000e+00,-6.379988788590798876e+00,1.516967943302038879e-01
4.147824597872997761e+09,1.196505484339905934e+03,7.772631585176246194e-01,-1.179618176158175880e+00,-9.153934550315857843e-02,0.000000000000000000e+00,0.000000000000000000e+00
