covariance, means, start_prob, link_coef01, link_coef02, link_coef11, link_coef12
1.504928067965818167e+09,1.337384058356648211e+02,7.398083746558429263e-01,0.000000000000000000e+00,0.000000000000000000e+00,-2.156834426404945049e+00,2.829705899295070423e-02
4.546965237439427972e+08,9.880032871565856567e+02,2.601916253441571292e-01,-5.848818909517262910e+00,-3.560183805662787693e-01,0.000000000000000000e+00,0.000000000000000000e+00
